Name,Channel,Type
405_RadialDistribution_ZernikeMagnitude_0_0,nucleus,img
405_RadialDistribution_ZernikeMagnitude_1_1,nucleus,img
405_RadialDistribution_ZernikePhase_1_1,nucleus,img
405_RadialDistribution_ZernikeMagnitude_2_0,nucleus,img
405_RadialDistribution_ZernikeMagnitude_2_2,nucleus,img
405_RadialDistribution_ZernikePhase_2_2,nucleus,img
405_RadialDistribution_ZernikeMagnitude_3_1,nucleus,img
405_RadialDistribution_ZernikePhase_3_1,nucleus,img
405_RadialDistribution_ZernikeMagnitude_3_3,nucleus,img
405_RadialDistribution_ZernikePhase_3_3,nucleus,img
405_RadialDistribution_ZernikeMagnitude_4_0,nucleus,img
405_RadialDistribution_ZernikeMagnitude_4_2,nucleus,img
405_RadialDistribution_ZernikePhase_4_2,nucleus,img
405_RadialDistribution_ZernikeMagnitude_4_4,nucleus,img
405_RadialDistribution_ZernikePhase_4_4,nucleus,img
405_RadialDistribution_ZernikeMagnitude_5_1,nucleus,img
405_RadialDistribution_ZernikePhase_5_1,nucleus,img
405_RadialDistribution_ZernikeMagnitude_5_3,nucleus,img
405_RadialDistribution_ZernikePhase_5_3,nucleus,img
405_RadialDistribution_ZernikeMagnitude_5_5,nucleus,img
405_RadialDistribution_ZernikePhase_5_5,nucleus,img
405_RadialDistribution_ZernikeMagnitude_6_0,nucleus,img
405_RadialDistribution_ZernikeMagnitude_6_2,nucleus,img
405_RadialDistribution_ZernikePhase_6_2,nucleus,img
405_RadialDistribution_ZernikeMagnitude_6_4,nucleus,img
405_RadialDistribution_ZernikePhase_6_4,nucleus,img
405_RadialDistribution_ZernikeMagnitude_6_6,nucleus,img
405_RadialDistribution_ZernikePhase_6_6,nucleus,img
405_RadialDistribution_ZernikeMagnitude_7_1,nucleus,img
405_RadialDistribution_ZernikePhase_7_1,nucleus,img
405_RadialDistribution_ZernikeMagnitude_7_3,nucleus,img
405_RadialDistribution_ZernikePhase_7_3,nucleus,img
405_RadialDistribution_ZernikeMagnitude_7_5,nucleus,img
405_RadialDistribution_ZernikePhase_7_5,nucleus,img
405_RadialDistribution_ZernikeMagnitude_7_7,nucleus,img
405_RadialDistribution_ZernikePhase_7_7,nucleus,img
405_RadialDistribution_ZernikeMagnitude_8_0,nucleus,img
405_RadialDistribution_ZernikeMagnitude_8_2,nucleus,img
405_RadialDistribution_ZernikePhase_8_2,nucleus,img
405_RadialDistribution_ZernikeMagnitude_8_4,nucleus,img
405_RadialDistribution_ZernikePhase_8_4,nucleus,img
405_RadialDistribution_ZernikeMagnitude_8_6,nucleus,img
405_RadialDistribution_ZernikePhase_8_6,nucleus,img
405_RadialDistribution_ZernikeMagnitude_8_8,nucleus,img
405_RadialDistribution_ZernikePhase_8_8,nucleus,img
405_RadialDistribution_ZernikeMagnitude_9_1,nucleus,img
405_RadialDistribution_ZernikePhase_9_1,nucleus,img
405_RadialDistribution_ZernikeMagnitude_9_3,nucleus,img
405_RadialDistribution_ZernikePhase_9_3,nucleus,img
405_RadialDistribution_ZernikeMagnitude_9_5,nucleus,img
405_RadialDistribution_ZernikePhase_9_5,nucleus,img
405_RadialDistribution_ZernikeMagnitude_9_7,nucleus,img
405_RadialDistribution_ZernikePhase_9_7,nucleus,img
405_RadialDistribution_ZernikeMagnitude_9_9,nucleus,img
405_RadialDistribution_ZernikePhase_9_9,nucleus,img
405_Area,nucleus,mask
405_ConvexArea,nucleus,mask
405_EquivalentDiameter,nucleus,mask
405_Perimeter,nucleus,mask
405_MajorAxisLength,nucleus,mask
405_MinorAxisLength,nucleus,mask
405_Eccentricity,nucleus,mask
405_Orientation,nucleus,mask
405_Center_X,nucleus,mask
405_Center_Y,nucleus,mask
405_FormFactor,nucleus,mask
405_Extent,nucleus,mask
405_Solidity,nucleus,mask
405_Compactness,nucleus,mask
405_MeanRadius,nucleus,mask
405_FilledArea,nucleus,mask
405_SpatialMoment_0_0,nucleus,mask
405_SpatialMoment_0_1,nucleus,mask
405_SpatialMoment_0_2,nucleus,mask
405_SpatialMoment_0_3,nucleus,mask
405_SpatialMoment_1_0,nucleus,mask
405_SpatialMoment_1_1,nucleus,mask
405_SpatialMoment_1_2,nucleus,mask
405_SpatialMoment_1_3,nucleus,mask
405_SpatialMoment_2_0,nucleus,mask
405_SpatialMoment_2_1,nucleus,mask
405_SpatialMoment_2_2,nucleus,mask
405_SpatialMoment_2_3,nucleus,mask
405_CentralMoment_0_0,nucleus,mask
405_CentralMoment_0_1,nucleus,mask
405_CentralMoment_0_2,nucleus,mask
405_CentralMoment_0_3,nucleus,mask
405_CentralMoment_1_0,nucleus,mask
405_CentralMoment_1_1,nucleus,mask
405_CentralMoment_1_2,nucleus,mask
405_CentralMoment_1_3,nucleus,mask
405_CentralMoment_2_0,nucleus,mask
405_CentralMoment_2_1,nucleus,mask
405_CentralMoment_2_2,nucleus,mask
405_CentralMoment_2_3,nucleus,mask
405_NormalizedMoment_0_2,nucleus,mask
405_NormalizedMoment_0_3,nucleus,mask
405_NormalizedMoment_1_1,nucleus,mask
405_NormalizedMoment_1_2,nucleus,mask
405_NormalizedMoment_1_3,nucleus,mask
405_NormalizedMoment_2_0,nucleus,mask
405_NormalizedMoment_2_1,nucleus,mask
405_NormalizedMoment_2_2,nucleus,mask
405_NormalizedMoment_2_3,nucleus,mask
405_NormalizedMoment_3_0,nucleus,mask
405_NormalizedMoment_3_1,nucleus,mask
405_NormalizedMoment_3_2,nucleus,mask
405_NormalizedMoment_3_3,nucleus,mask
405_HuMoment_0,nucleus,mask
405_HuMoment_1,nucleus,mask
405_HuMoment_2,nucleus,mask
405_HuMoment_3,nucleus,mask
405_HuMoment_4,nucleus,mask
405_HuMoment_5,nucleus,mask
405_HuMoment_6,nucleus,mask
405_InertiaTensor_0_0,nucleus,mask
405_InertiaTensor_0_1,nucleus,mask
405_InertiaTensor_1_0,nucleus,mask
405_InertiaTensor_1_1,nucleus,mask
405_InertiaTensorEigenvalues_0,nucleus,mask
405_InertiaTensorEigenvalues_1,nucleus,mask
405_PerimeterCrofton,nucleus,mask
405_Zernike_0_0,nucleus,mask
405_Zernike_1_1,nucleus,mask
405_Zernike_2_0,nucleus,mask
405_Zernike_2_2,nucleus,mask
405_Zernike_3_1,nucleus,mask
405_Zernike_3_3,nucleus,mask
405_Zernike_4_0,nucleus,mask
405_Zernike_4_2,nucleus,mask
405_Zernike_4_4,nucleus,mask
405_Zernike_5_1,nucleus,mask
405_Zernike_5_3,nucleus,mask
405_Zernike_5_5,nucleus,mask
405_Zernike_6_0,nucleus,mask
405_Zernike_6_2,nucleus,mask
405_Zernike_6_4,nucleus,mask
405_Zernike_6_6,nucleus,mask
405_Zernike_7_1,nucleus,mask
405_Zernike_7_3,nucleus,mask
405_Zernike_7_5,nucleus,mask
405_Zernike_7_7,nucleus,mask
405_Zernike_8_0,nucleus,mask
405_Zernike_8_2,nucleus,mask
405_Zernike_8_4,nucleus,mask
405_Zernike_8_6,nucleus,mask
405_Zernike_8_8,nucleus,mask
405_Zernike_9_1,nucleus,mask
405_Zernike_9_3,nucleus,mask
405_Zernike_9_5,nucleus,mask
405_Zernike_9_7,nucleus,mask
405_Zernike_9_9,nucleus,mask
405_MinFeretDiameter,nucleus,mask
405_Granularity_1,nucleus,img
405_Granularity_2,nucleus,img
405_Granularity_3,nucleus,img
405_Granularity_4,nucleus,img
405_Granularity_5,nucleus,img
405_Granularity_6,nucleus,img
405_Granularity_7,nucleus,img
405_Granularity_8,nucleus,img
405_Granularity_9,nucleus,img
405_Granularity_10,nucleus,img
405_Granularity_11,nucleus,img
405_Granularity_12,nucleus,img
405_Granularity_13,nucleus,img
405_Granularity_14,nucleus,img
405_Granularity_15,nucleus,img
405_Granularity_16,nucleus,img
405_AngularSecondMoment_3_00_256,nucleus,img
405_Contrast_3_00_256,nucleus,img
405_Correlation_3_00_256,nucleus,img
405_Variance_3_00_256,nucleus,img
405_InverseDifferenceMoment_3_00_256,nucleus,img
405_SumAverage_3_00_256,nucleus,img
405_SumVariance_3_00_256,nucleus,img
405_SumEntropy_3_00_256,nucleus,img
405_Entropy_3_00_256,nucleus,img
405_DifferenceVariance_3_00_256,nucleus,img
405_DifferenceEntropy_3_00_256,nucleus,img
405_InfoMeas1_3_00_256,nucleus,img
405_InfoMeas2_3_00_256,nucleus,img
405_AngularSecondMoment_3_01_256,nucleus,img
405_Contrast_3_01_256,nucleus,img
405_Correlation_3_01_256,nucleus,img
405_Variance_3_01_256,nucleus,img
405_InverseDifferenceMoment_3_01_256,nucleus,img
405_SumAverage_3_01_256,nucleus,img
405_SumVariance_3_01_256,nucleus,img
405_SumEntropy_3_01_256,nucleus,img
405_Entropy_3_01_256,nucleus,img
405_DifferenceVariance_3_01_256,nucleus,img
405_DifferenceEntropy_3_01_256,nucleus,img
405_InfoMeas1_3_01_256,nucleus,img
405_InfoMeas2_3_01_256,nucleus,img
405_AngularSecondMoment_3_02_256,nucleus,img
405_Contrast_3_02_256,nucleus,img
405_Correlation_3_02_256,nucleus,img
405_Variance_3_02_256,nucleus,img
405_InverseDifferenceMoment_3_02_256,nucleus,img
405_SumAverage_3_02_256,nucleus,img
405_SumVariance_3_02_256,nucleus,img
405_SumEntropy_3_02_256,nucleus,img
405_Entropy_3_02_256,nucleus,img
405_DifferenceVariance_3_02_256,nucleus,img
405_DifferenceEntropy_3_02_256,nucleus,img
405_InfoMeas1_3_02_256,nucleus,img
405_InfoMeas2_3_02_256,nucleus,img
405_AngularSecondMoment_3_03_256,nucleus,img
405_Contrast_3_03_256,nucleus,img
405_Correlation_3_03_256,nucleus,img
405_Variance_3_03_256,nucleus,img
405_InverseDifferenceMoment_3_03_256,nucleus,img
405_SumAverage_3_03_256,nucleus,img
405_SumVariance_3_03_256,nucleus,img
405_SumEntropy_3_03_256,nucleus,img
405_Entropy_3_03_256,nucleus,img
405_DifferenceVariance_3_03_256,nucleus,img
405_DifferenceEntropy_3_03_256,nucleus,img
405_InfoMeas1_3_03_256,nucleus,img
405_InfoMeas2_3_03_256,nucleus,img
bf_RadialDistribution_ZernikeMagnitude_0_0,bf,img
bf_RadialDistribution_ZernikeMagnitude_1_1,bf,img
bf_RadialDistribution_ZernikePhase_1_1,bf,img
bf_RadialDistribution_ZernikeMagnitude_2_0,bf,img
bf_RadialDistribution_ZernikeMagnitude_2_2,bf,img
bf_RadialDistribution_ZernikePhase_2_2,bf,img
bf_RadialDistribution_ZernikeMagnitude_3_1,bf,img
bf_RadialDistribution_ZernikePhase_3_1,bf,img
bf_RadialDistribution_ZernikeMagnitude_3_3,bf,img
bf_RadialDistribution_ZernikePhase_3_3,bf,img
bf_RadialDistribution_ZernikeMagnitude_4_0,bf,img
bf_RadialDistribution_ZernikeMagnitude_4_2,bf,img
bf_RadialDistribution_ZernikePhase_4_2,bf,img
bf_RadialDistribution_ZernikeMagnitude_4_4,bf,img
bf_RadialDistribution_ZernikePhase_4_4,bf,img
bf_RadialDistribution_ZernikeMagnitude_5_1,bf,img
bf_RadialDistribution_ZernikePhase_5_1,bf,img
bf_RadialDistribution_ZernikeMagnitude_5_3,bf,img
bf_RadialDistribution_ZernikePhase_5_3,bf,img
bf_RadialDistribution_ZernikeMagnitude_5_5,bf,img
bf_RadialDistribution_ZernikePhase_5_5,bf,img
bf_RadialDistribution_ZernikeMagnitude_6_0,bf,img
bf_RadialDistribution_ZernikeMagnitude_6_2,bf,img
bf_RadialDistribution_ZernikePhase_6_2,bf,img
bf_RadialDistribution_ZernikeMagnitude_6_4,bf,img
bf_RadialDistribution_ZernikePhase_6_4,bf,img
bf_RadialDistribution_ZernikeMagnitude_6_6,bf,img
bf_RadialDistribution_ZernikePhase_6_6,bf,img
bf_RadialDistribution_ZernikeMagnitude_7_1,bf,img
bf_RadialDistribution_ZernikePhase_7_1,bf,img
bf_RadialDistribution_ZernikeMagnitude_7_3,bf,img
bf_RadialDistribution_ZernikePhase_7_3,bf,img
bf_RadialDistribution_ZernikeMagnitude_7_5,bf,img
bf_RadialDistribution_ZernikePhase_7_5,bf,img
bf_RadialDistribution_ZernikeMagnitude_7_7,bf,img
bf_RadialDistribution_ZernikePhase_7_7,bf,img
bf_RadialDistribution_ZernikeMagnitude_8_0,bf,img
bf_RadialDistribution_ZernikeMagnitude_8_2,bf,img
bf_RadialDistribution_ZernikePhase_8_2,bf,img
bf_RadialDistribution_ZernikeMagnitude_8_4,bf,img
bf_RadialDistribution_ZernikePhase_8_4,bf,img
bf_RadialDistribution_ZernikeMagnitude_8_6,bf,img
bf_RadialDistribution_ZernikePhase_8_6,bf,img
bf_RadialDistribution_ZernikeMagnitude_8_8,bf,img
bf_RadialDistribution_ZernikePhase_8_8,bf,img
bf_RadialDistribution_ZernikeMagnitude_9_1,bf,img
bf_RadialDistribution_ZernikePhase_9_1,bf,img
bf_RadialDistribution_ZernikeMagnitude_9_3,bf,img
bf_RadialDistribution_ZernikePhase_9_3,bf,img
bf_RadialDistribution_ZernikeMagnitude_9_5,bf,img
bf_RadialDistribution_ZernikePhase_9_5,bf,img
bf_RadialDistribution_ZernikeMagnitude_9_7,bf,img
bf_RadialDistribution_ZernikePhase_9_7,bf,img
bf_RadialDistribution_ZernikeMagnitude_9_9,bf,img
bf_RadialDistribution_ZernikePhase_9_9,bf,img
bf_Area,bf,mask
bf_ConvexArea,bf,mask
bf_EquivalentDiameter,bf,mask
bf_Perimeter,bf,mask
bf_MajorAxisLength,bf,mask
bf_MinorAxisLength,bf,mask
bf_Eccentricity,bf,mask
bf_Orientation,bf,mask
bf_Center_X,bf,mask
bf_Center_Y,bf,mask
bf_FormFactor,bf,mask
bf_Extent,bf,mask
bf_Solidity,bf,mask
bf_Compactness,bf,mask
bf_MeanRadius,bf,mask
bf_FilledArea,bf,mask
bf_SpatialMoment_0_0,bf,mask
bf_SpatialMoment_0_1,bf,mask
bf_SpatialMoment_0_2,bf,mask
bf_SpatialMoment_0_3,bf,mask
bf_SpatialMoment_1_0,bf,mask
bf_SpatialMoment_1_1,bf,mask
bf_SpatialMoment_1_2,bf,mask
bf_SpatialMoment_1_3,bf,mask
bf_SpatialMoment_2_0,bf,mask
bf_SpatialMoment_2_1,bf,mask
bf_SpatialMoment_2_2,bf,mask
bf_SpatialMoment_2_3,bf,mask
bf_CentralMoment_0_0,bf,mask
bf_CentralMoment_0_1,bf,mask
bf_CentralMoment_0_2,bf,mask
bf_CentralMoment_0_3,bf,mask
bf_CentralMoment_1_0,bf,mask
bf_CentralMoment_1_1,bf,mask
bf_CentralMoment_1_2,bf,mask
bf_CentralMoment_1_3,bf,mask
bf_CentralMoment_2_0,bf,mask
bf_CentralMoment_2_1,bf,mask
bf_CentralMoment_2_2,bf,mask
bf_CentralMoment_2_3,bf,mask
bf_NormalizedMoment_0_2,bf,mask
bf_NormalizedMoment_0_3,bf,mask
bf_NormalizedMoment_1_1,bf,mask
bf_NormalizedMoment_1_2,bf,mask
bf_NormalizedMoment_1_3,bf,mask
bf_NormalizedMoment_2_0,bf,mask
bf_NormalizedMoment_2_1,bf,mask
bf_NormalizedMoment_2_2,bf,mask
bf_NormalizedMoment_2_3,bf,mask
bf_NormalizedMoment_3_0,bf,mask
bf_NormalizedMoment_3_1,bf,mask
bf_NormalizedMoment_3_2,bf,mask
bf_NormalizedMoment_3_3,bf,mask
bf_HuMoment_0,bf,mask
bf_HuMoment_1,bf,mask
bf_HuMoment_2,bf,mask
bf_HuMoment_3,bf,mask
bf_HuMoment_4,bf,mask
bf_HuMoment_5,bf,mask
bf_HuMoment_6,bf,mask
bf_InertiaTensor_0_0,bf,mask
bf_InertiaTensor_0_1,bf,mask
bf_InertiaTensor_1_0,bf,mask
bf_InertiaTensor_1_1,bf,mask
bf_InertiaTensorEigenvalues_0,bf,mask
bf_InertiaTensorEigenvalues_1,bf,mask
bf_PerimeterCrofton,bf,mask
bf_Zernike_0_0,bf,mask
bf_Zernike_1_1,bf,mask
bf_Zernike_2_0,bf,mask
bf_Zernike_2_2,bf,mask
bf_Zernike_3_1,bf,mask
bf_Zernike_3_3,bf,mask
bf_Zernike_4_0,bf,mask
bf_Zernike_4_2,bf,mask
bf_Zernike_4_4,bf,mask
bf_Zernike_5_1,bf,mask
bf_Zernike_5_3,bf,mask
bf_Zernike_5_5,bf,mask
bf_Zernike_6_0,bf,mask
bf_Zernike_6_2,bf,mask
bf_Zernike_6_4,bf,mask
bf_Zernike_6_6,bf,mask
bf_Zernike_7_1,bf,mask
bf_Zernike_7_3,bf,mask
bf_Zernike_7_5,bf,mask
bf_Zernike_7_7,bf,mask
bf_Zernike_8_0,bf,mask
bf_Zernike_8_2,bf,mask
bf_Zernike_8_4,bf,mask
bf_Zernike_8_6,bf,mask
bf_Zernike_8_8,bf,mask
bf_Zernike_9_1,bf,mask
bf_Zernike_9_3,bf,mask
bf_Zernike_9_5,bf,mask
bf_Zernike_9_7,bf,mask
bf_Zernike_9_9,bf,mask
bf_MinFeretDiameter,bf,mask
bf_Granularity_1,bf,img
bf_Granularity_2,bf,img
bf_Granularity_3,bf,img
bf_AngularSecondMoment_3_00_256,bf,img
bf_Contrast_3_00_256,bf,img
bf_Correlation_3_00_256,bf,img
bf_Variance_3_00_256,bf,img
bf_InverseDifferenceMoment_3_00_256,bf,img
bf_SumAverage_3_00_256,bf,img
bf_SumVariance_3_00_256,bf,img
bf_SumEntropy_3_00_256,bf,img
bf_Entropy_3_00_256,bf,img
bf_DifferenceVariance_3_00_256,bf,img
bf_DifferenceEntropy_3_00_256,bf,img
bf_InfoMeas1_3_00_256,bf,img
bf_InfoMeas2_3_00_256,bf,img
bf_AngularSecondMoment_3_01_256,bf,img
bf_Contrast_3_01_256,bf,img
bf_Correlation_3_01_256,bf,img
bf_Variance_3_01_256,bf,img
bf_InverseDifferenceMoment_3_01_256,bf,img
bf_SumAverage_3_01_256,bf,img
bf_SumVariance_3_01_256,bf,img
bf_SumEntropy_3_01_256,bf,img
bf_Entropy_3_01_256,bf,img
bf_DifferenceVariance_3_01_256,bf,img
bf_DifferenceEntropy_3_01_256,bf,img
bf_InfoMeas1_3_01_256,bf,img
bf_InfoMeas2_3_01_256,bf,img
bf_AngularSecondMoment_3_02_256,bf,img
bf_Contrast_3_02_256,bf,img
bf_Correlation_3_02_256,bf,img
bf_Variance_3_02_256,bf,img
bf_InverseDifferenceMoment_3_02_256,bf,img
bf_SumAverage_3_02_256,bf,img
bf_SumVariance_3_02_256,bf,img
bf_SumEntropy_3_02_256,bf,img
bf_Entropy_3_02_256,bf,img
bf_DifferenceVariance_3_02_256,bf,img
bf_DifferenceEntropy_3_02_256,bf,img
bf_InfoMeas1_3_02_256,bf,img
bf_InfoMeas2_3_02_256,bf,img
bf_AngularSecondMoment_3_03_256,bf,img
bf_Contrast_3_03_256,bf,img
bf_Correlation_3_03_256,bf,img
bf_Variance_3_03_256,bf,img
bf_InverseDifferenceMoment_3_03_256,bf,img
bf_SumAverage_3_03_256,bf,img
bf_SumVariance_3_03_256,bf,img
bf_SumEntropy_3_03_256,bf,img
bf_Entropy_3_03_256,bf,img
bf_DifferenceVariance_3_03_256,bf,img
bf_DifferenceEntropy_3_03_256,bf,img
bf_InfoMeas1_3_03_256,bf,img
bf_InfoMeas2_3_03_256,bf,img
nmask_fbasic_area,nucleus,mask
nmask_fbasic_perimeter,nucleus,mask
nmask_fbasic_major_axis,nucleus,mask
nmask_fbasic_minor_axis,nucleus,mask
nmask_fbasic_angle,nucleus,mask
nmask_fbasic_solidity,nucleus,mask
nmask_fbasic_eq_diameter,nucleus,mask
nmask_fbasic_aspect_ratio,nucleus,mask
nmask_fbasic_circularity,nucleus,mask
nmask_fbasic_roundness,nucleus,mask
cell_boundary_mean_R,bf,img
cell_boundary_median_R,bf,img
cell_boundary_mode_R,bf,img
cell_boundary_max_R,bf,img
cell_boundary_min_R,bf,img
cell_boundary_p25_R,bf,img
cell_boundary_p75_R,bf,img
cell_boundary_mean_R_gt_p75,bf,img
cell_boundary_mean_R_lt_p25,bf,img
cell_boundary_harmonic_mean_R,bf,img
cell_boundary_trimmed_mean_3,bf,img
cell_boundary_trimmed_mean_5,bf,img
cell_boundary_trimmed_mean_15,bf,img
cell_boundary_trimmed_mean_25,bf,img
cell_boundary_std_R,bf,img
cell_boundary_std_over_mean,bf,img
cell_boundary_std_over_median,bf,img
cell_boundary_std_over_mode,bf,img
cell_boundary_skew_R,bf,img
cell_boundary_kurtosis_R,bf,img
cell_boundary_mad_R,bf,img
cell_boundary_range_R,bf,img
cell_boundary_iqr_R,bf,img
cell_boundary_S_R2,bf,img
cell_boundary_S_R3,bf,img
cell_boundary_mean_R2,bf,img
cell_boundary_mean_R3,bf,img
cell_boundary_mean_R4,bf,img
cell_boundary_mean_R5,bf,img
cell_boundary_S_abs_dev2,bf,img
cell_boundary_S_abs_dev3,bf,img
cell_boundary_mean_abs_dev2,bf,img
cell_boundary_mean_abs_dev3,bf,img
cell_boundary_mean_abs_dev4,bf,img
cell_boundary_mean_abs_dev5,bf,img
cell_boundary_gini_R,bf,img
cmask_fbasic_area,bf,mask
cmask_fbasic_perimeter,bf,mask
cmask_fbasic_major_axis,bf,mask
cmask_fbasic_minor_axis,bf,mask
cmask_fbasic_angle,bf,mask
cmask_fbasic_solidity,bf,mask
cmask_fbasic_eq_diameter,bf,mask
cmask_fbasic_aspect_ratio,bf,mask
cmask_fbasic_circularity,bf,mask
cmask_fbasic_roundness,bf,mask
fnpos_mean_Rprime,hybrid,hybrid
fnpos_median_Rprime,hybrid,hybrid
fnpos_mode_Rprime,hybrid,hybrid
fnpos_max_Rprime,hybrid,hybrid
fnpos_min_Rprime,hybrid,hybrid
fnpos_p25_Rprime,hybrid,hybrid
fnpos_p75_Rprime,hybrid,hybrid
fnpos_std_Rprime,hybrid,hybrid
fnpos_harmonic_mean_Rprime,hybrid,hybrid
fnpos_trimmed_mean_3_Rprime,hybrid,hybrid
fnpos_trimmed_mean_5_Rprime,hybrid,hybrid
fnpos_trimmed_mean_15_Rprime,hybrid,hybrid
fnpos_trimmed_mean_25_Rprime,hybrid,hybrid
fnpos_mad_Rprime,hybrid,hybrid
fnpos_range_Rprime,hybrid,hybrid
fnpos_iqr_Rprime,hybrid,hybrid
fnpos_S_Rprime2,hybrid,hybrid
fnpos_S_Rprime3,hybrid,hybrid
fnpos_mean_Rprime2,hybrid,hybrid
fnpos_mean_Rprime3,hybrid,hybrid
fnpos_mean_Rprime4,hybrid,hybrid
fnpos_mean_Rprime5,hybrid,hybrid
fnpos_S_abs_dev2,hybrid,hybrid
fnpos_S_abs_dev3,hybrid,hybrid
fnpos_mean_abs_dev2,hybrid,hybrid
fnpos_mean_abs_dev3,hybrid,hybrid
fnpos_mean_abs_dev4,hybrid,hybrid
fnpos_mean_abs_dev5,hybrid,hybrid
fnpos_gini_Rprime,hybrid,hybrid
fnpos_corr_Rprime_cell,hybrid,hybrid
405_txtlap_var,nucleus,img
405_txtlap_entrpy,nucleus,img
bf_txtlap_var,bf,img
bf_txtlap_entrpy,bf,img
bf_gini,bf,img
405_gini,nucleus,img
