[Data],,,,,,,,,,,,,,,,,,,,,
Sample_ID,Sample_Plate,Sample_Well,Lane,I7_Index_ID,index,I5_Index_ID,index2,Sample_Project,Description,Species,CC_used,Condition_per_CC,ERCC,Exp_Condition_1,Exp_Condition_2,Exp_Condition_3,Dropout_Cell_Type,Dropout_Cell_CC,Dropout_Cell_WC,Tn5_FragmentSize,Tn5_Yield
NG045_PC710_WC1,NG045,NA,NA,PC710,GAATAGCAAG,WC1,GTCGTGAATC,NA,NG045_P1,human,CC5_CC6_CC7_CC8,CD8_CD8_CD8_CD8,no,no,no,no,no,no,no,7.62,615
NG045_PC710_WC2,NG045,NA,NA,PC710,GAATAGCAAG,WC2,CTGTTCTACG,NA,NG045_P1,human,CC5_CC6_CC7_CC8,CD8_CD8_CD8_CD8,no,no,no,no,no,no,no,7.62,615
NG045_PC710_WC3,NG045,NA,NA,PC710,GAATAGCAAG,WC3,GCTCTTAGGT,NA,NG045_P1,human,CC5_CC6_CC7_CC8,CD8_CD8_CD8_CD8,no,no,no,no,no,no,no,7.62,615
NG045_PC710_WC4,NG045,NA,NA,PC710,GAATAGCAAG,WC4,TAGAAGCCAT,NA,NG045_P1,human,CC5_CC6_CC7_CC8,CD8_CD8_CD8_CD8,no,no,no,no,no,no,no,7.62,615
NG045_PC710_WC5,NG045,NA,NA,PC710,GAATAGCAAG,WC5,CACTTAGGTA,NA,NG045_P1,human,CC5_CC6_CC7_CC8,CD8_CD8_CD8_CD8,no,no,no,no,no,no,no,7.62,615
NG045_PC710_WC6,NG045,NA,NA,PC710,GAATAGCAAG,WC6,ATAGGTAAGG,NA,NG045_P1,human,CC5_CC6_CC7_CC8,CD8_CD8_CD8_CD8,no,no,no,no,no,no,no,7.62,615
NG045_PC710_WC7,NG045,NA,NA,PC710,GAATAGCAAG,WC7,CGCCTTATAT,NA,NG045_P1,human,CC5_CC6_CC7_CC8,CD8_CD8_CD8_CD8,no,no,no,no,no,no,no,7.62,615
NG045_PC710_WC8,NG045,NA,NA,PC710,GAATAGCAAG,WC8,GCACGATGCT,NA,NG045_P1,human,CC5_CC6_CC7_CC8,CD8_CD8_CD8_CD8,no,no,no,no,no,no,no,7.62,615
NG045_PC710_WC9,NG045,NA,NA,PC710,GAATAGCAAG,WC9,AATATGCCAG,NA,NG045_P1,human,CC5_CC6_CC7_CC8,CD8_CD8_CD8_CD8,no,no,no,no,no,no,no,7.62,615
NG045_PC710_WC10,NG045,NA,NA,PC710,GAATAGCAAG,WC10,TAGAGTCACG,NA,NG045_P1,human,CC5_CC6_CC7_CC8,CD8_CD8_CD8_CD8,no,no,no,no,no,no,no,7.62,615
NG045_PC710_WC11,NG045,NA,NA,PC710,GAATAGCAAG,WC11,TTAACAGGTC,NA,NG045_P1,human,CC5_CC6_CC7_CC8,CD8_CD8_CD8_CD8,no,no,no,no,no,no,no,7.62,615
NG045_PC710_WC12,NG045,NA,NA,PC710,GAATAGCAAG,WC12,ACATGAGCCA,NA,NG045_P1,human,CC5_CC6_CC7_CC8,CD8_CD8_CD8_CD8,no,no,no,no,no,no,no,7.62,615
NG045_PC710_WC13,NG045,NA,NA,PC710,GAATAGCAAG,WC13,GCGAGGTTCT,NA,NG045_P1,human,CC5_CC6_CC7_CC8,CD8_CD8_CD8_CD8,no,no,no,no,no,no,no,7.62,615
NG045_PC710_WC14,NG045,NA,NA,PC710,GAATAGCAAG,WC14,TGTCCGTAGG,NA,NG045_P1,human,CC5_CC6_CC7_CC8,CD8_CD8_CD8_CD8,no,no,no,no,no,no,no,7.62,615
NG045_PC710_WC15,NG045,NA,NA,PC710,GAATAGCAAG,WC15,CATTATGCCT,NA,NG045_P1,human,CC5_CC6_CC7_CC8,CD8_CD8_CD8_CD8,no,no,no,no,no,no,no,7.62,615
NG045_PC710_WC16,NG045,NA,NA,PC710,GAATAGCAAG,WC16,TCCACTGTTG,NA,NG045_P1,human,CC5_CC6_CC7_CC8,CD8_CD8_CD8_CD8,no,no,no,no,no,no,no,7.62,615
NG045_PC710_WC17,NG045,NA,NA,PC710,GAATAGCAAG,WC17,CTTAACGACA,NA,NG045_P1,human,CC5_CC6_CC7_CC8,CD8_CD8_CD8_CD8,no,no,no,no,no,no,no,7.62,615
NG045_PC710_WC18,NG045,NA,NA,PC710,GAATAGCAAG,WC18,TCCTCGAGCT,NA,NG045_P1,human,CC5_CC6_CC7_CC8,CD8_CD8_CD8_CD8,no,no,no,no,no,no,no,7.62,615
NG045_PC710_WC19,NG045,NA,NA,PC710,GAATAGCAAG,WC19,CGAGTAATGT,NA,NG045_P1,human,CC5_CC6_CC7_CC8,CD8_CD8_CD8_CD8,no,no,no,no,no,no,no,7.62,615
NG045_PC710_WC20,NG045,NA,NA,PC710,GAATAGCAAG,WC20,CATACCGCTG,NA,NG045_P1,human,CC5_CC6_CC7_CC8,CD8_CD8_CD8_CD8,no,no,no,no,no,no,no,7.62,615
NG045_PC710_WC21,NG045,NA,NA,PC710,GAATAGCAAG,WC21,GCTACTTGCA,NA,NG045_P1,human,CC5_CC6_CC7_CC8,CD8_CD8_CD8_CD8,no,no,no,no,no,no,no,7.62,615
NG045_PC710_WC22,NG045,NA,NA,PC710,GAATAGCAAG,WC22,GCTATTGAAG,NA,NG045_P1,human,CC5_CC6_CC7_CC8,CD8_CD8_CD8_CD8,no,no,no,no,no,no,no,7.62,615
NG045_PC710_WC23,NG045,NA,NA,PC710,GAATAGCAAG,WC23,TCAGCATCCG,NA,NG045_P1,human,CC5_CC6_CC7_CC8,CD8_CD8_CD8_CD8,no,no,no,no,no,no,no,7.62,615
NG045_PC710_WC24,NG045,NA,NA,PC710,GAATAGCAAG,WC24,TAGGTGGTGG,NA,NG045_P1,human,CC5_CC6_CC7_CC8,CD8_CD8_CD8_CD8,no,no,no,no,no,no,no,7.62,615
NG045_PC710_WC25,NG045,NA,NA,PC710,GAATAGCAAG,WC25,AAGATCGGAT,NA,NG045_P1,human,CC5_CC6_CC7_CC8,CD8_CD8_CD8_CD8,no,no,no,no,no,no,no,7.62,615
NG045_PC710_WC26,NG045,NA,NA,PC710,GAATAGCAAG,WC26,TTAACGTCCG,NA,NG045_P1,human,CC5_CC6_CC7_CC8,CD8_CD8_CD8_CD8,no,no,no,no,no,no,no,7.62,615
NG045_PC710_WC27,NG045,NA,NA,PC710,GAATAGCAAG,WC27,ATTACCGATC,NA,NG045_P1,human,CC5_CC6_CC7_CC8,CD8_CD8_CD8_CD8,no,no,no,no,no,no,no,7.62,615
NG045_PC710_WC28,NG045,NA,NA,PC710,GAATAGCAAG,WC28,GTTGCATCGT,NA,NG045_P1,human,CC5_CC6_CC7_CC8,CD8_CD8_CD8_CD8,no,no,no,no,no,no,no,7.62,615
NG045_PC710_WC29,NG045,NA,NA,PC710,GAATAGCAAG,WC29,ACTGGACGTT,NA,NG045_P1,human,CC5_CC6_CC7_CC8,CD8_CD8_CD8_CD8,no,no,no,no,no,no,no,7.62,615
NG045_PC710_WC30,NG045,NA,NA,PC710,GAATAGCAAG,WC30,TTGTTCGTGT,NA,NG045_P1,human,CC5_CC6_CC7_CC8,CD8_CD8_CD8_CD8,no,no,no,no,no,no,no,7.62,615
NG045_PC710_WC31,NG045,NA,NA,PC710,GAATAGCAAG,WC31,ACGGACTGAG,NA,NG045_P1,human,CC5_CC6_CC7_CC8,CD8_CD8_CD8_CD8,no,no,no,no,no,no,no,7.62,615
NG045_PC710_WC32,NG045,NA,NA,PC710,GAATAGCAAG,WC32,CACCGTCATA,NA,NG045_P1,human,CC5_CC6_CC7_CC8,CD8_CD8_CD8_CD8,no,no,no,no,no,no,no,7.62,615
NG045_PC710_WC33,NG045,NA,NA,PC710,GAATAGCAAG,WC33,GTAGTTGTGT,NA,NG045_P1,human,CC5_CC6_CC7_CC8,CD8_CD8_CD8_CD8,no,no,no,no,no,no,no,7.62,615
NG045_PC710_WC34,NG045,NA,NA,PC710,GAATAGCAAG,WC34,CTGAGTCCTT,NA,NG045_P1,human,CC5_CC6_CC7_CC8,CD8_CD8_CD8_CD8,no,no,no,no,no,no,no,7.62,615
NG045_PC710_WC35,NG045,NA,NA,PC710,GAATAGCAAG,WC35,TCACAGTTGC,NA,NG045_P1,human,CC5_CC6_CC7_CC8,CD8_CD8_CD8_CD8,no,no,no,no,no,no,no,7.62,615
NG045_PC710_WC36,NG045,NA,NA,PC710,GAATAGCAAG,WC36,ATTGTAAGCG,NA,NG045_P1,human,CC5_CC6_CC7_CC8,CD8_CD8_CD8_CD8,no,no,no,no,no,no,no,7.62,615
NG045_PC710_WC37,NG045,NA,NA,PC710,GAATAGCAAG,WC37,CGGTCTCTCT,NA,NG045_P1,human,CC5_CC6_CC7_CC8,CD8_CD8_CD8_CD8,no,no,no,no,no,no,no,7.62,615
NG045_PC710_WC38,NG045,NA,NA,PC710,GAATAGCAAG,WC38,AACAGCAATG,NA,NG045_P1,human,CC5_CC6_CC7_CC8,CD8_CD8_CD8_CD8,no,no,no,no,no,no,no,7.62,615
NG045_PC710_WC39,NG045,NA,NA,PC710,GAATAGCAAG,WC39,TCCGTGTTGC,NA,NG045_P1,human,CC5_CC6_CC7_CC8,CD8_CD8_CD8_CD8,no,no,no,no,no,no,no,7.62,615
NG045_PC710_WC40,NG045,NA,NA,PC710,GAATAGCAAG,WC40,TGCGAAGTGA,NA,NG045_P1,human,CC5_CC6_CC7_CC8,CD8_CD8_CD8_CD8,no,no,no,no,no,no,no,7.62,615
NG045_PC710_WC41,NG045,NA,NA,PC710,GAATAGCAAG,WC41,CACAGCTATT,NA,NG045_P1,human,CC5_CC6_CC7_CC8,CD8_CD8_CD8_CD8,no,no,no,no,no,no,no,7.62,615
NG045_PC710_WC42,NG045,NA,NA,PC710,GAATAGCAAG,WC42,GATAGTGTTC,NA,NG045_P1,human,CC5_CC6_CC7_CC8,CD8_CD8_CD8_CD8,no,no,no,no,no,no,no,7.62,615
NG045_PC710_WC43,NG045,NA,NA,PC710,GAATAGCAAG,WC43,TAGCTACCAG,NA,NG045_P1,human,CC5_CC6_CC7_CC8,CD8_CD8_CD8_CD8,no,no,no,no,no,no,no,7.62,615
NG045_PC710_WC44,NG045,NA,NA,PC710,GAATAGCAAG,WC44,TGCTCACGCA,NA,NG045_P1,human,CC5_CC6_CC7_CC8,CD8_CD8_CD8_CD8,no,no,no,no,no,no,no,7.62,615
NG045_PC710_WC45,NG045,NA,NA,PC710,GAATAGCAAG,WC45,AAGTGTGCTA,NA,NG045_P1,human,CC5_CC6_CC7_CC8,CD8_CD8_CD8_CD8,no,no,no,no,no,no,no,7.62,615
NG045_PC710_WC46,NG045,NA,NA,PC710,GAATAGCAAG,WC46,TCATCGTCTG,NA,NG045_P1,human,CC5_CC6_CC7_CC8,CD8_CD8_CD8_CD8,no,no,no,no,no,no,no,7.62,615
NG045_PC710_WC47,NG045,NA,NA,PC710,GAATAGCAAG,WC47,AGATGCTCCG,NA,NG045_P1,human,CC5_CC6_CC7_CC8,CD8_CD8_CD8_CD8,no,no,no,no,no,no,no,7.62,615
NG045_PC710_WC48,NG045,NA,NA,PC710,GAATAGCAAG,WC48,GAACCAAGCG,NA,NG045_P1,human,CC5_CC6_CC7_CC8,CD8_CD8_CD8_CD8,no,no,no,no,no,no,no,7.62,615
NG045_PC710_WC49,NG045,NA,NA,PC710,GAATAGCAAG,WC49,CCTCTTCAAG,NA,NG045_P1,human,CC5_CC6_CC7_CC8,CD8_CD8_CD8_CD8,no,no,no,no,no,no,no,7.62,615
NG045_PC710_WC50,NG045,NA,NA,PC710,GAATAGCAAG,WC50,CGTCGCATCT,NA,NG045_P1,human,CC5_CC6_CC7_CC8,CD8_CD8_CD8_CD8,no,no,no,no,no,no,no,7.62,615
NG045_PC710_WC51,NG045,NA,NA,PC710,GAATAGCAAG,WC51,CCGAACGTTC,NA,NG045_P1,human,CC5_CC6_CC7_CC8,CD8_CD8_CD8_CD8,no,no,no,no,no,no,no,7.62,615
NG045_PC710_WC52,NG045,NA,NA,PC710,GAATAGCAAG,WC52,GAATGGCGTT,NA,NG045_P1,human,CC5_CC6_CC7_CC8,CD8_CD8_CD8_CD8,no,no,no,no,no,no,no,7.62,615
NG045_PC710_WC53,NG045,NA,NA,PC710,GAATAGCAAG,WC53,AAGTTCAGGA,NA,NG045_P1,human,CC5_CC6_CC7_CC8,CD8_CD8_CD8_CD8,no,no,no,no,no,no,no,7.62,615
NG045_PC710_WC54,NG045,NA,NA,PC710,GAATAGCAAG,WC54,GACCAATTGT,NA,NG045_P1,human,CC5_CC6_CC7_CC8,CD8_CD8_CD8_CD8,no,no,no,no,no,no,no,7.62,615
NG045_PC710_WC55,NG045,NA,NA,PC710,GAATAGCAAG,WC55,TGTCTGTGAC,NA,NG045_P1,human,CC5_CC6_CC7_CC8,CD8_CD8_CD8_CD8,no,no,no,no,no,no,no,7.62,615
NG045_PC710_WC56,NG045,NA,NA,PC710,GAATAGCAAG,WC56,GAACATTGGC,NA,NG045_P1,human,CC5_CC6_CC7_CC8,CD8_CD8_CD8_CD8,no,no,no,no,no,no,no,7.62,615
NG045_PC710_WC57,NG045,NA,NA,PC710,GAATAGCAAG,WC57,CGTAACACTA,NA,NG045_P1,human,CC5_CC6_CC7_CC8,CD8_CD8_CD8_CD8,no,no,no,no,no,no,no,7.62,615
NG045_PC710_WC58,NG045,NA,NA,PC710,GAATAGCAAG,WC58,GTACTTCCAA,NA,NG045_P1,human,CC5_CC6_CC7_CC8,CD8_CD8_CD8_CD8,no,no,no,no,no,no,no,7.62,615
NG045_PC710_WC59,NG045,NA,NA,PC710,GAATAGCAAG,WC59,TTAGCGTCTT,NA,NG045_P1,human,CC5_CC6_CC7_CC8,CD8_CD8_CD8_CD8,no,no,no,no,no,no,no,7.62,615
NG045_PC710_WC60,NG045,NA,NA,PC710,GAATAGCAAG,WC60,TTGACCGTCT,NA,NG045_P1,human,CC5_CC6_CC7_CC8,CD8_CD8_CD8_CD8,no,no,no,no,no,no,no,7.62,615
NG045_PC710_WC61,NG045,NA,NA,PC710,GAATAGCAAG,WC61,ACGGCTTCTC,NA,NG045_P1,human,CC5_CC6_CC7_CC8,CD8_CD8_CD8_CD8,no,no,no,no,no,no,no,7.62,615
NG045_PC710_WC62,NG045,NA,NA,PC710,GAATAGCAAG,WC62,TGCGATGTAT,NA,NG045_P1,human,CC5_CC6_CC7_CC8,CD8_CD8_CD8_CD8,no,no,no,no,no,no,no,7.62,615
NG045_PC710_WC63,NG045,NA,NA,PC710,GAATAGCAAG,WC63,GCGTTCAGCA,NA,NG045_P1,human,CC5_CC6_CC7_CC8,CD8_CD8_CD8_CD8,no,no,no,no,no,no,no,7.62,615
NG045_PC710_WC64,NG045,NA,NA,PC710,GAATAGCAAG,WC64,GCCTAGGAAG,NA,NG045_P1,human,CC5_CC6_CC7_CC8,CD8_CD8_CD8_CD8,no,no,no,no,no,no,no,7.62,615
NG045_PC710_WC65,NG045,NA,NA,PC710,GAATAGCAAG,WC65,GTTACCAACG,NA,NG045_P1,human,CC5_CC6_CC7_CC8,CD8_CD8_CD8_CD8,no,no,no,no,no,no,no,7.62,615
NG045_PC710_WC66,NG045,NA,NA,PC710,GAATAGCAAG,WC66,ACGAACCAAG,NA,NG045_P1,human,CC5_CC6_CC7_CC8,CD8_CD8_CD8_CD8,no,no,no,no,no,no,no,7.62,615
NG045_PC710_WC67,NG045,NA,NA,PC710,GAATAGCAAG,WC67,CACGCAAGTC,NA,NG045_P1,human,CC5_CC6_CC7_CC8,CD8_CD8_CD8_CD8,no,no,no,no,no,no,no,7.62,615
NG045_PC710_WC68,NG045,NA,NA,PC710,GAATAGCAAG,WC68,GCTGGAGAAG,NA,NG045_P1,human,CC5_CC6_CC7_CC8,CD8_CD8_CD8_CD8,no,no,no,no,no,no,no,7.62,615
NG045_PC710_WC69,NG045,NA,NA,PC710,GAATAGCAAG,WC69,CCAGTGTACG,NA,NG045_P1,human,CC5_CC6_CC7_CC8,CD8_CD8_CD8_CD8,no,no,no,no,no,no,no,7.62,615
NG045_PC710_WC70,NG045,NA,NA,PC710,GAATAGCAAG,WC70,GTTGATGCGA,NA,NG045_P1,human,CC5_CC6_CC7_CC8,CD8_CD8_CD8_CD8,no,no,no,no,no,no,no,7.62,615
NG045_PC710_WC71,NG045,NA,NA,PC710,GAATAGCAAG,WC71,CGCTTGTTAT,NA,NG045_P1,human,CC5_CC6_CC7_CC8,CD8_CD8_CD8_CD8,no,no,no,no,no,no,no,7.62,615
NG045_PC710_WC72,NG045,NA,NA,PC710,GAATAGCAAG,WC72,GTAACGTTCA,NA,NG045_P1,human,CC5_CC6_CC7_CC8,CD8_CD8_CD8_CD8,no,no,no,no,no,no,no,7.62,615
NG045_PC710_WC73,NG045,NA,NA,PC710,GAATAGCAAG,WC73,CCGAGTCTTC,NA,NG045_P1,human,CC5_CC6_CC7_CC8,CD8_CD8_CD8_CD8,no,no,no,no,no,no,no,7.62,615
NG045_PC710_WC74,NG045,NA,NA,PC710,GAATAGCAAG,WC74,TATTGCGCTA,NA,NG045_P1,human,CC5_CC6_CC7_CC8,CD8_CD8_CD8_CD8,no,no,no,no,no,no,no,7.62,615
NG045_PC710_WC75,NG045,NA,NA,PC710,GAATAGCAAG,WC75,TGTGGTCTAA,NA,NG045_P1,human,CC5_CC6_CC7_CC8,CD8_CD8_CD8_CD8,no,no,no,no,no,no,no,7.62,615
NG045_PC710_WC76,NG045,NA,NA,PC710,GAATAGCAAG,WC76,CACGTCTACG,NA,NG045_P1,human,CC5_CC6_CC7_CC8,CD8_CD8_CD8_CD8,no,no,no,no,no,no,no,7.62,615
NG045_PC710_WC77,NG045,NA,NA,PC710,GAATAGCAAG,WC77,AGTCCAGTGA,NA,NG045_P1,human,CC5_CC6_CC7_CC8,CD8_CD8_CD8_CD8,no,no,no,no,no,no,no,7.62,615
NG045_PC710_WC78,NG045,NA,NA,PC710,GAATAGCAAG,WC78,ATGCTTGGTC,NA,NG045_P1,human,CC5_CC6_CC7_CC8,CD8_CD8_CD8_CD8,no,no,no,no,no,no,no,7.62,615
NG045_PC710_WC79,NG045,NA,NA,PC710,GAATAGCAAG,WC79,TGATACTCGC,NA,NG045_P1,human,CC5_CC6_CC7_CC8,CD8_CD8_CD8_CD8,no,no,no,no,no,no,no,7.62,615
NG045_PC710_WC80,NG045,NA,NA,PC710,GAATAGCAAG,WC80,TTATCGAGAG,NA,NG045_P1,human,CC5_CC6_CC7_CC8,CD8_CD8_CD8_CD8,no,no,no,no,no,no,no,7.62,615
NG045_PC710_WC81,NG045,NA,NA,PC710,GAATAGCAAG,WC81,TGCCAGTATT,NA,NG045_P1,human,CC5_CC6_CC7_CC8,CD8_CD8_CD8_CD8,no,no,no,no,no,no,no,7.62,615
NG045_PC710_WC82,NG045,NA,NA,PC710,GAATAGCAAG,WC82,GAGTTGCATA,NA,NG045_P1,human,CC5_CC6_CC7_CC8,CD8_CD8_CD8_CD8,no,no,no,no,no,no,no,7.62,615
NG045_PC710_WC83,NG045,NA,NA,PC710,GAATAGCAAG,WC83,ACACTAGCAT,NA,NG045_P1,human,CC5_CC6_CC7_CC8,CD8_CD8_CD8_CD8,no,no,no,no,no,no,no,7.62,615
NG045_PC710_WC84,NG045,NA,NA,PC710,GAATAGCAAG,WC84,GTTCTAATGG,NA,NG045_P1,human,CC5_CC6_CC7_CC8,CD8_CD8_CD8_CD8,no,no,no,no,no,no,no,7.62,615
NG045_PC710_WC85,NG045,NA,NA,PC710,GAATAGCAAG,WC85,CGTTCACGTT,NA,NG045_P1,human,CC5_CC6_CC7_CC8,CD8_CD8_CD8_CD8,no,no,no,no,no,no,no,7.62,615
NG045_PC710_WC86,NG045,NA,NA,PC710,GAATAGCAAG,WC86,GACTGCGTTA,NA,NG045_P1,human,CC5_CC6_CC7_CC8,CD8_CD8_CD8_CD8,no,no,no,no,no,no,no,7.62,615
NG045_PC710_WC87,NG045,NA,NA,PC710,GAATAGCAAG,WC87,TGGCTTATGG,NA,NG045_P1,human,CC5_CC6_CC7_CC8,CD8_CD8_CD8_CD8,no,no,no,no,no,no,no,7.62,615
NG045_PC710_WC88,NG045,NA,NA,PC710,GAATAGCAAG,WC88,TCAGAGGCAC,NA,NG045_P1,human,CC5_CC6_CC7_CC8,CD8_CD8_CD8_CD8,no,no,no,no,no,no,no,7.62,615
NG045_PC710_WC89,NG045,NA,NA,PC710,GAATAGCAAG,WC89,CGCTAGGCTA,NA,NG045_P1,human,CC5_CC6_CC7_CC8,CD8_CD8_CD8_CD8,no,no,no,no,no,no,no,7.62,615
NG045_PC710_WC90,NG045,NA,NA,PC710,GAATAGCAAG,WC90,AACCGTAACA,NA,NG045_P1,human,CC5_CC6_CC7_CC8,CD8_CD8_CD8_CD8,no,no,no,no,no,no,no,7.62,615
NG045_PC710_WC91,NG045,NA,NA,PC710,GAATAGCAAG,WC91,CTTGGTATGA,NA,NG045_P1,human,CC5_CC6_CC7_CC8,CD8_CD8_CD8_CD8,no,no,no,no,no,no,no,7.62,615
NG045_PC710_WC92,NG045,NA,NA,PC710,GAATAGCAAG,WC92,TGTAGATCCG,NA,NG045_P1,human,CC5_CC6_CC7_CC8,CD8_CD8_CD8_CD8,no,no,no,no,no,no,no,7.62,615
NG045_PC710_WC93,NG045,NA,NA,PC710,GAATAGCAAG,WC93,AACTCTACCG,NA,NG045_P1,human,CC5_CC6_CC7_CC8,CD8_CD8_CD8_CD8,no,no,no,no,no,no,no,7.62,615
NG045_PC710_WC94,NG045,NA,NA,PC710,GAATAGCAAG,WC94,CGTGACATTC,NA,NG045_P1,human,CC5_CC6_CC7_CC8,CD8_CD8_CD8_CD8,no,no,no,no,no,no,no,7.62,615
NG045_PC710_WC95,NG045,NA,NA,PC710,GAATAGCAAG,WC95,CTGTACCAGG,NA,NG045_P1,human,CC5_CC6_CC7_CC8,CD8_CD8_CD8_CD8,no,no,no,no,no,no,no,7.62,615
NG045_PC710_WC96,NG045,NA,NA,PC710,GAATAGCAAG,WC96,ACTGGTTCCG,NA,NG045_P1,human,CC5_CC6_CC7_CC8,CD8_CD8_CD8_CD8,no,no,no,no,no,no,no,7.62,615
