gene,module,condition,pearson_r,n_folds,delta_r
1600019K03Rik,Contractility,FUCCI residualized,0.09339209265048233,6,-0.07294757889167168
1600019K03Rik,Contractility,Unresidualized,0.166339671542154,6,-0.07294757889167168
1700061I17Rik,Cell Cycle,FUCCI residualized,0.10860391283529565,6,-0.0028008947018496877
1700061I17Rik,Cell Cycle,Unresidualized,0.11140480753714534,6,-0.0028008947018496877
Acta2,Contractility,FUCCI residualized,0.22605909569702318,6,0.10589697764573165
Acta2,Contractility,Unresidualized,0.12016211805129152,6,0.10589697764573165
Actb,Contractility,FUCCI residualized,0.20502815048290343,6,0.0317237435698548
Actb,Contractility,Unresidualized,0.17330440691304863,6,0.0317237435698548
Adamts5,Contractility,FUCCI residualized,0.10488715575204377,6,-0.013005800810155996
Adamts5,Contractility,Unresidualized,0.11789295656219977,6,-0.013005800810155996
Adh5,Contractility,FUCCI residualized,0.11061949391096419,6,-0.001642729704656426
Adh5,Contractility,Unresidualized,0.11226222361562062,6,-0.001642729704656426
Amotl2,Cell Cycle,FUCCI residualized,0.11481642049641687,6,-0.05608943300501219
Amotl2,Cell Cycle,Unresidualized,0.17090585350142906,6,-0.05608943300501219
Anxa1,Contractility,FUCCI residualized,0.1526175602543227,6,-0.003339000384264046
Anxa1,Contractility,Unresidualized,0.15595656063858673,6,-0.003339000384264046
Anxa2,Contractility,FUCCI residualized,0.13731843663597354,6,0.003344804878078894
Anxa2,Contractility,Unresidualized,0.13397363175789465,6,0.003344804878078894
Anxa3,Contractility,FUCCI residualized,0.17919497106849283,6,-0.029546902724626428
Anxa3,Contractility,Unresidualized,0.20874187379311926,6,-0.029546902724626428
Anxa5,Contractility,FUCCI residualized,0.1360227547762229,6,0.025380707205746755
Anxa5,Contractility,Unresidualized,0.11064204757047613,6,0.025380707205746755
Arhgap11a,Cell Cycle,FUCCI residualized,0.144285279506597,6,-0.14274144513047846
Arhgap11a,Cell Cycle,Unresidualized,0.28702672463707546,6,-0.14274144513047846
Aspm,Cell Cycle,FUCCI residualized,0.21994638507663447,6,-0.08452013396555727
Aspm,Cell Cycle,Unresidualized,0.30446651904219174,6,-0.08452013396555727
Atad5,Cell Cycle,FUCCI residualized,0.044412609220399635,6,-0.0656545839111327
Atad5,Cell Cycle,Unresidualized,0.11006719313153233,6,-0.0656545839111327
Aurka,Cell Cycle,FUCCI residualized,0.10092677217252505,6,-0.15614504485242808
Aurka,Cell Cycle,Unresidualized,0.25707181702495313,6,-0.15614504485242808
Bgn,Contractility,FUCCI residualized,0.16332710687764196,6,0.01906719493599085
Bgn,Contractility,Unresidualized,0.1442599119416511,6,0.01906719493599085
Birc5,Cell Cycle,FUCCI residualized,0.10523657260578191,6,-0.15659756764404315
Birc5,Cell Cycle,Unresidualized,0.26183414024982504,6,-0.15659756764404315
Blvrb,Contractility,FUCCI residualized,0.16876115034827924,6,0.006871373535159403
Blvrb,Contractility,Unresidualized,0.16188977681311983,6,0.006871373535159403
Bub1,Cell Cycle,FUCCI residualized,0.09302065264781678,6,-0.09145705586144237
Bub1,Cell Cycle,Unresidualized,0.18447770850925915,6,-0.09145705586144237
Cald1,Contractility,FUCCI residualized,0.1494391499008888,6,-0.026315496026045465
Cald1,Contractility,Unresidualized,0.17575464592693427,6,-0.026315496026045465
Ccdc77,Cell Cycle,FUCCI residualized,0.06426391486821363,6,-0.06313482724531579
Ccdc77,Cell Cycle,Unresidualized,0.12739874211352942,6,-0.06313482724531579
Ccna2,Cell Cycle,FUCCI residualized,0.12443139614805276,6,-0.09865609789272312
Ccna2,Cell Cycle,Unresidualized,0.22308749404077588,6,-0.09865609789272312
Ccnb1,Cell Cycle,FUCCI residualized,0.08791964308673599,6,-0.13312054490743347
Ccnb1,Cell Cycle,Unresidualized,0.22104018799416944,6,-0.13312054490743347
Ccne2,Contractility,FUCCI residualized,0.12697104458388736,6,-0.049908571218615
Ccne2,Contractility,Unresidualized,0.17687961580250236,6,-0.049908571218615
Ccnf,Cell Cycle,FUCCI residualized,0.03261275432063849,6,-0.22837205586610548
Ccnf,Cell Cycle,Unresidualized,0.26098481018674397,6,-0.22837205586610548
Cd63,Contractility,FUCCI residualized,0.1501673218082593,6,0.0028465561660062366
Cd63,Contractility,Unresidualized,0.14732076564225308,6,0.0028465561660062366
Cd9,Contractility,FUCCI residualized,0.11329696169151433,6,-0.0026007557820503235
Cd9,Contractility,Unresidualized,0.11589771747356466,6,-0.0026007557820503235
Cdc20,Cell Cycle,FUCCI residualized,0.14717135693824981,6,-0.07689099973316377
Cdc20,Cell Cycle,Unresidualized,0.22406235667141358,6,-0.07689099973316377
Cdca8,Cell Cycle,FUCCI residualized,0.109408654889924,6,-0.11888965173870995
Cdca8,Cell Cycle,Unresidualized,0.22829830662863396,6,-0.11888965173870995
Cdk1,Cell Cycle,FUCCI residualized,0.09041647340639974,6,-0.22129489983012018
Cdk1,Cell Cycle,Unresidualized,0.31171137323651993,6,-0.22129489983012018
Cdkn1a,Contractility,FUCCI residualized,0.1620237610102123,6,0.0019137434161028977
Cdkn1a,Contractility,Unresidualized,0.1601100175941094,6,0.0019137434161028977
Cenpe,Cell Cycle,FUCCI residualized,0.1537449501846743,6,-0.16405203253956172
Cenpe,Cell Cycle,Unresidualized,0.317796982724236,6,-0.16405203253956172
Cenpf,Cell Cycle,FUCCI residualized,0.233326944049059,6,-0.1609100739472261
Cenpf,Cell Cycle,Unresidualized,0.3942370179962851,6,-0.1609100739472261
Cep55,Cell Cycle,FUCCI residualized,0.11138989212724949,6,-0.15154971930883143
Cep55,Cell Cycle,Unresidualized,0.2629396114360809,6,-0.15154971930883143
Cfap69,Cell Cycle,FUCCI residualized,0.08477553795770582,6,-0.01988072818881198
Cfap69,Cell Cycle,Unresidualized,0.1046562661465178,6,-0.01988072818881198
Ckap2,Cell Cycle,FUCCI residualized,0.13074277680089685,6,-0.11631730531772766
Ckap2,Cell Cycle,Unresidualized,0.2470600821186245,6,-0.11631730531772766
Ckap2l,Cell Cycle,FUCCI residualized,0.15432066611018128,6,-0.12833198613516436
Ckap2l,Cell Cycle,Unresidualized,0.28265265224534564,6,-0.12833198613516436
Cks2,Cell Cycle,FUCCI residualized,0.14253636663382677,6,-0.1351097270043253
Cks2,Cell Cycle,Unresidualized,0.27764609363815207,6,-0.1351097270043253
Col11a1,Cell Cycle,FUCCI residualized,0.10560355847255017,6,-0.004067396786529884
Col11a1,Cell Cycle,Unresidualized,0.10967095525908005,6,-0.004067396786529884
Cope,Contractility,FUCCI residualized,0.12663478771833603,6,0.0146472545734022
Cope,Contractility,Unresidualized,0.11198753314493383,6,0.0146472545734022
Cryab,Cell Cycle,FUCCI residualized,0.14757599781531117,6,-0.040184334365173685
Cryab,Cell Cycle,Unresidualized,0.18776033218048485,6,-0.040184334365173685
Cst3,Contractility,FUCCI residualized,0.13428558492987364,6,-0.02999729690214356
Cst3,Contractility,Unresidualized,0.1642828818320172,6,-0.02999729690214356
Ctgf,Contractility,FUCCI residualized,0.10924541991966301,6,-0.022407921940137396
Ctgf,Contractility,Unresidualized,0.1316533418598004,6,-0.022407921940137396
Cxcl5,Cell Cycle,FUCCI residualized,0.08752561489980197,6,-0.044941186871592584
Cxcl5,Cell Cycle,Unresidualized,0.13246680177139455,6,-0.044941186871592584
Cyp51,Contractility,FUCCI residualized,0.11354402706582516,6,-0.0007615067271641573
Cyp51,Contractility,Unresidualized,0.11430553379298931,6,-0.0007615067271641573
Cyr61,Cell Cycle,FUCCI residualized,0.06708794981433631,6,-0.05677921774755493
Cyr61,Cell Cycle,Unresidualized,0.12386716756189124,6,-0.05677921774755493
Ddit3,Contractility,FUCCI residualized,0.15503908885450446,6,0.007438633392274241
Ddit3,Contractility,Unresidualized,0.14760045546223022,6,0.007438633392274241
Dlgap1,Cell Cycle,FUCCI residualized,0.09378026017017536,6,-0.03185245628550602
Dlgap1,Cell Cycle,Unresidualized,0.1256327164556814,6,-0.03185245628550602
Eif4a3,Contractility,FUCCI residualized,0.1271341497800785,6,0.00511665900016002
Eif4a3,Contractility,Unresidualized,0.12201749077991848,6,0.00511665900016002
Eno1,Contractility,FUCCI residualized,0.12105601956500438,6,0.006446761993105038
Eno1,Contractility,Unresidualized,0.11460925757189934,6,0.006446761993105038
Fbln5,Contractility,FUCCI residualized,0.1408081182380141,6,0.005244887287008032
Fbln5,Contractility,Unresidualized,0.13556323095100606,6,0.005244887287008032
Gas2l3,Cell Cycle,FUCCI residualized,0.12124831939202191,6,-0.12462310835579501
Gas2l3,Cell Cycle,Unresidualized,0.24587142774781692,6,-0.12462310835579501
Glipr1,Cell Cycle,FUCCI residualized,0.14988262079715084,6,-0.008873071979467961
Glipr1,Cell Cycle,Unresidualized,0.1587556927766188,6,-0.008873071979467961
Gm10701,Cell Cycle,FUCCI residualized,0.1524904557307393,6,0.022056980311230434
Gm10701,Cell Cycle,Unresidualized,0.13043347541950887,6,0.022056980311230434
Gm10801,Cell Cycle,FUCCI residualized,0.10632201773374685,6,-0.05179189070214808
Gm10801,Cell Cycle,Unresidualized,0.15811390843589493,6,-0.05179189070214808
Gm17501,Cell Cycle,FUCCI residualized,0.07167959246480195,6,-0.06303602851923797
Gm17501,Cell Cycle,Unresidualized,0.1347156209840399,6,-0.06303602851923797
Gm26870,Cell Cycle,FUCCI residualized,0.13062033372302154,6,-0.059584976535250606
Gm26870,Cell Cycle,Unresidualized,0.19020531025827214,6,-0.059584976535250606
Gm43154,Cell Cycle,FUCCI residualized,0.13190744945559982,6,-0.017387062004053988
Gm43154,Cell Cycle,Unresidualized,0.1492945114596538,6,-0.017387062004053988
Gm5886,Cell Cycle,FUCCI residualized,0.18023384903619588,6,0.0014679191010891213
Gm5886,Cell Cycle,Unresidualized,0.17876592993510676,6,0.0014679191010891213
H1f0,Cell Cycle,FUCCI residualized,0.0907652178004766,6,-0.10922956379949052
H1f0,Cell Cycle,Unresidualized,0.19999478159996711,6,-0.10922956379949052
Hist1h1b,Cell Cycle,FUCCI residualized,0.1281580950001701,6,-0.12482128453306252
Hist1h1b,Cell Cycle,Unresidualized,0.25297937953323263,6,-0.12482128453306252
Hist1h1d,Cell Cycle,FUCCI residualized,0.022585051199692622,6,-0.1230864205648507
Hist1h1d,Cell Cycle,Unresidualized,0.14567147176454331,6,-0.1230864205648507
Hist1h1e,Cell Cycle,FUCCI residualized,0.1992300208445316,6,-0.013890980035610845
Hist1h1e,Cell Cycle,Unresidualized,0.21312100088014244,6,-0.013890980035610845
Hist1h2ab,Cell Cycle,FUCCI residualized,0.11568402797169429,6,-0.023380827256622813
Hist1h2ab,Cell Cycle,Unresidualized,0.1390648552283171,6,-0.023380827256622813
Hist1h2ae,Cell Cycle,FUCCI residualized,0.10715355993631226,6,-0.0847370304398398
Hist1h2ae,Cell Cycle,Unresidualized,0.19189059037615205,6,-0.0847370304398398
Hist1h2ai,Cell Cycle,FUCCI residualized,0.08241400051454956,6,-0.07071244666077317
Hist1h2ai,Cell Cycle,Unresidualized,0.15312644717532273,6,-0.07071244666077317
Hist1h2ak,Cell Cycle,FUCCI residualized,0.1296924355352574,6,-0.030176146815913463
Hist1h2ak,Cell Cycle,Unresidualized,0.15986858235117085,6,-0.030176146815913463
Hist1h2an,Cell Cycle,FUCCI residualized,0.09057441202674238,6,-0.10086744081982416
Hist1h2an,Cell Cycle,Unresidualized,0.19144185284656653,6,-0.10086744081982416
Hist1h3c,Cell Cycle,FUCCI residualized,0.0766575028970851,6,-0.0501256189277796
Hist1h3c,Cell Cycle,Unresidualized,0.1267831218248647,6,-0.0501256189277796
Hist1h4c,Cell Cycle,FUCCI residualized,0.08905384992977737,6,-0.03776902879873646
Hist1h4c,Cell Cycle,Unresidualized,0.12682287872851383,6,-0.03776902879873646
Hist1h4d,Cell Cycle,FUCCI residualized,0.08805626313043124,6,-0.05832839419900673
Hist1h4d,Cell Cycle,Unresidualized,0.14638465732943798,6,-0.05832839419900673
Hist2h2ac,Cell Cycle,FUCCI residualized,0.12811624039422037,6,-0.0938723908997822
Hist2h2ac,Cell Cycle,Unresidualized,0.22198863129400256,6,-0.0938723908997822
Hmgn5,Cell Cycle,FUCCI residualized,0.09343108726824177,6,-0.03225643468871196
Hmgn5,Cell Cycle,Unresidualized,0.12568752195695373,6,-0.03225643468871196
Hmmr,Cell Cycle,FUCCI residualized,0.1730652170631757,6,-0.13498205938529748
Hmmr,Cell Cycle,Unresidualized,0.3080472764484732,6,-0.13498205938529748
Hspa5,Contractility,FUCCI residualized,0.19024608534987322,6,0.020161248934649573
Hspa5,Contractility,Unresidualized,0.17008483641522365,6,0.020161248934649573
Id3,Contractility,FUCCI residualized,0.17009558945119338,6,0.03584099426086956
Id3,Contractility,Unresidualized,0.13425459519032382,6,0.03584099426086956
Ifitm3,Contractility,FUCCI residualized,0.12337881485856013,6,-0.005334894871953891
Ifitm3,Contractility,Unresidualized,0.12871370973051402,6,-0.005334894871953891
Igfbp7,Contractility,FUCCI residualized,0.14289838778274175,6,-0.004314042182016031
Igfbp7,Contractility,Unresidualized,0.14721242996475778,6,-0.004314042182016031
Il1rl1,Cell Cycle,FUCCI residualized,0.04433957840994785,6,-0.11701555518145543
Il1rl1,Cell Cycle,Unresidualized,0.16135513359140327,6,-0.11701555518145543
Immp2l,Cell Cycle,FUCCI residualized,0.060721194440750303,6,-0.08483799623061342
Immp2l,Cell Cycle,Unresidualized,0.14555919067136372,6,-0.08483799623061342
Incenp,Cell Cycle,FUCCI residualized,0.07523439732503735,6,-0.21054663001108365
Incenp,Cell Cycle,Unresidualized,0.285781027336121,6,-0.21054663001108365
Itm2b,Contractility,FUCCI residualized,0.11256708871459342,6,0.007158795181659017
Itm2b,Contractility,Unresidualized,0.1054082935329344,6,0.007158795181659017
Kif11,Cell Cycle,FUCCI residualized,0.09239676316900196,6,-0.22734493771400877
Kif11,Cell Cycle,Unresidualized,0.31974170088301074,6,-0.22734493771400877
Kif18a,Cell Cycle,FUCCI residualized,0.046487064462738155,6,-0.19887268436636915
Kif18a,Cell Cycle,Unresidualized,0.2453597488291073,6,-0.19887268436636915
Kif20b,Cell Cycle,FUCCI residualized,0.18698768858921697,6,-0.1660485633146764
Kif20b,Cell Cycle,Unresidualized,0.35303625190389337,6,-0.1660485633146764
Knl1,Cell Cycle,FUCCI residualized,0.13039392406797876,6,-0.13157654061468807
Knl1,Cell Cycle,Unresidualized,0.2619704646826668,6,-0.13157654061468807
Kpna2,Cell Cycle,FUCCI residualized,0.029024923363993798,6,-0.13779451715263752
Kpna2,Cell Cycle,Unresidualized,0.1668194405166313,6,-0.13779451715263752
Lgals3,Contractility,FUCCI residualized,0.14057155343084238,6,0.005603825101003074
Lgals3,Contractility,Unresidualized,0.1349677283298393,6,0.005603825101003074
Lockd,Cell Cycle,FUCCI residualized,0.11845799177566325,6,-0.07314545279062763
Lockd,Cell Cycle,Unresidualized,0.1916034445662909,6,-0.07314545279062763
Mad1l1,Cell Cycle,FUCCI residualized,0.08857584233369264,6,-0.03314677434639275
Mad1l1,Cell Cycle,Unresidualized,0.1217226166800854,6,-0.03314677434639275
Mettl15,Cell Cycle,FUCCI residualized,0.03459799306249871,6,-0.07197727114664461
Mettl15,Cell Cycle,Unresidualized,0.10657526420914332,6,-0.07197727114664461
Mis18bp1,Cell Cycle,FUCCI residualized,0.06767363683969674,6,-0.23131667666971795
Mis18bp1,Cell Cycle,Unresidualized,0.2989903135094147,6,-0.23131667666971795
Mki67,Cell Cycle,FUCCI residualized,0.17136087347375226,6,-0.06647405244940391
Mki67,Cell Cycle,Unresidualized,0.23783492592315617,6,-0.06647405244940391
Mustn1,Contractility,FUCCI residualized,0.16024170865618695,6,0.027851866387370194
Mustn1,Contractility,Unresidualized,0.13238984226881675,6,0.027851866387370194
Myl12a,Contractility,FUCCI residualized,0.09412320659512129,6,-0.01851505396839201
Myl12a,Contractility,Unresidualized,0.1126382605635133,6,-0.01851505396839201
Ndufc2,Contractility,FUCCI residualized,0.14090583246307678,6,0.0013258562098331095
Ndufc2,Contractility,Unresidualized,0.13957997625324367,6,0.0013258562098331095
Negr1,Cell Cycle,FUCCI residualized,0.11762151093362673,6,-0.05400110462526052
Negr1,Cell Cycle,Unresidualized,0.17162261555888725,6,-0.05400110462526052
Nusap1,Cell Cycle,FUCCI residualized,0.11044714192840016,6,-0.27733868144148505
Nusap1,Cell Cycle,Unresidualized,0.3877858233698852,6,-0.27733868144148505
Nxt1,Cell Cycle,FUCCI residualized,0.09770899471098049,6,-0.06316501849266079
Nxt1,Cell Cycle,Unresidualized,0.16087401320364128,6,-0.06316501849266079
Parpbp,Cell Cycle,FUCCI residualized,0.0652309902232331,6,-0.1339019546329297
Parpbp,Cell Cycle,Unresidualized,0.1991329448561628,6,-0.1339019546329297
Pcna-ps2,Contractility,FUCCI residualized,0.10926107044568352,6,-0.011219814458384533
Pcna-ps2,Contractility,Unresidualized,0.12048088490406805,6,-0.011219814458384533
Pcolce,Contractility,FUCCI residualized,0.16420894693320617,6,0.021052335302882974
Pcolce,Contractility,Unresidualized,0.1431566116303232,6,0.021052335302882974
Pdlim1,Contractility,FUCCI residualized,0.10282716570935795,6,-0.01544559972899942
Pdlim1,Contractility,Unresidualized,0.11827276543835737,6,-0.01544559972899942
Pgp,Contractility,FUCCI residualized,0.1495717328520098,6,-0.022365827119290166
Pgp,Contractility,Unresidualized,0.17193755997129997,6,-0.022365827119290166
Phgdh,Contractility,FUCCI residualized,0.12176157164165231,6,0.006998099817732639
Phgdh,Contractility,Unresidualized,0.11476347182391967,6,0.006998099817732639
Prc1,Cell Cycle,FUCCI residualized,0.09919399725596885,6,-0.32520555652155164
Prc1,Cell Cycle,Unresidualized,0.4243995537775205,6,-0.32520555652155164
Prdx1,Contractility,FUCCI residualized,0.15059018085848036,6,-0.015778047051593552
Prdx1,Contractility,Unresidualized,0.1663682279100739,6,-0.015778047051593552
Prmt1,Contractility,FUCCI residualized,0.1322619495092667,6,-0.017694775656332623
Prmt1,Contractility,Unresidualized,0.14995672516559932,6,-0.017694775656332623
Prss23,Contractility,FUCCI residualized,0.1855172700019804,6,0.020826524362377974
Prss23,Contractility,Unresidualized,0.16469074563960243,6,0.020826524362377974
Ptgr1,Contractility,FUCCI residualized,0.13789496182760416,6,-0.0004108227232089423
Ptgr1,Contractility,Unresidualized,0.1383057845508131,6,-0.0004108227232089423
Ptgs2,Cell Cycle,FUCCI residualized,0.1315552821483493,6,0.0038550950232756898
Ptgs2,Cell Cycle,Unresidualized,0.1277001871250736,6,0.0038550950232756898
Ptn,Contractility,FUCCI residualized,0.13238133283413053,6,0.022922796776298132
Ptn,Contractility,Unresidualized,0.1094585360578324,6,0.022922796776298132
Ptrh2,Contractility,FUCCI residualized,0.10444964484197876,6,-0.007957819938599855
Ptrh2,Contractility,Unresidualized,0.11240746478057861,6,-0.007957819938599855
Rad51ap1,Cell Cycle,FUCCI residualized,0.09604436525903444,6,-0.07973343008521232
Rad51ap1,Cell Cycle,Unresidualized,0.17577779534424676,6,-0.07973343008521232
Rora,Cell Cycle,FUCCI residualized,0.08567261162548134,6,-0.01861182264211836
Rora,Cell Cycle,Unresidualized,0.1042844342675997,6,-0.01861182264211836
Rrm2,Contractility,FUCCI residualized,0.13219384455230807,6,-0.02003990288094104
Rrm2,Contractility,Unresidualized,0.1522337474332491,6,-0.02003990288094104
Rxfp1,Cell Cycle,FUCCI residualized,0.09574780916224378,6,-0.005574558437017152
Rxfp1,Cell Cycle,Unresidualized,0.10132236759926093,6,-0.005574558437017152
S100a7a,Cell Cycle,FUCCI residualized,0.14421901546018587,6,-0.031411788308720295
S100a7a,Cell Cycle,Unresidualized,0.17563080376890616,6,-0.031411788308720295
Sapcd2,Cell Cycle,FUCCI residualized,0.05539504609222531,6,-0.060533197534646345
Sapcd2,Cell Cycle,Unresidualized,0.11592824362687165,6,-0.060533197534646345
Sdhaf4,Cell Cycle,FUCCI residualized,0.05169649611871168,6,-0.0633613341350385
Sdhaf4,Cell Cycle,Unresidualized,0.11505783025375017,6,-0.0633613341350385
Sdhb,Contractility,FUCCI residualized,0.11130320061308473,6,0.001222567277050876
Sdhb,Contractility,Unresidualized,0.11008063333603385,6,0.001222567277050876
Selenok,Contractility,FUCCI residualized,0.15467122101306618,6,0.009473616735028972
Selenok,Contractility,Unresidualized,0.1451976042780372,6,0.009473616735028972
Serpinb9b,Cell Cycle,FUCCI residualized,0.13333980225830497,6,0.017306235751485904
Serpinb9b,Cell Cycle,Unresidualized,0.11603356650681906,6,0.017306235751485904
Serpinf1,Contractility,FUCCI residualized,0.21782974365771182,6,0.019460176833168502
Serpinf1,Contractility,Unresidualized,0.19836956682454332,6,0.019460176833168502
Sgo1,Cell Cycle,FUCCI residualized,0.08319921406548661,6,-0.2111185518468641
Sgo1,Cell Cycle,Unresidualized,0.2943177659123507,6,-0.2111185518468641
Sgo2a,Cell Cycle,FUCCI residualized,0.09794625026041896,6,-0.19391520275060115
Sgo2a,Cell Cycle,Unresidualized,0.2918614530110201,6,-0.19391520275060115
Slc25a5,Contractility,FUCCI residualized,0.13950514194682387,6,0.01414932768430846
Slc25a5,Contractility,Unresidualized,0.1253558142625154,6,0.01414932768430846
Slfn9,Cell Cycle,FUCCI residualized,0.11640517335222324,6,-0.0484096433547858
Slfn9,Cell Cycle,Unresidualized,0.16481481670700904,6,-0.0484096433547858
Slpi,Contractility,FUCCI residualized,0.12625243398664193,6,0.01964971810755016
Slpi,Contractility,Unresidualized,0.10660271587909177,6,0.01964971810755016
Smc4,Cell Cycle,FUCCI residualized,0.17660781088967134,6,-0.08794677787377067
Smc4,Cell Cycle,Unresidualized,0.264554588763442,6,-0.08794677787377067
Sorbs1,Cell Cycle,FUCCI residualized,0.057646791902267396,6,-0.06285637676541286
Sorbs1,Cell Cycle,Unresidualized,0.12050316866768025,6,-0.06285637676541286
Spc25,Cell Cycle,FUCCI residualized,0.06804657881876298,6,-0.2797249936562172
Spc25,Cell Cycle,Unresidualized,0.3477715724749802,6,-0.2797249936562172
Spdl1,Cell Cycle,FUCCI residualized,0.04099219332150926,6,-0.15093597170586626
Spdl1,Cell Cycle,Unresidualized,0.19192816502737553,6,-0.15093597170586626
Steap1,Contractility,FUCCI residualized,0.19325511887162952,6,-0.016831874151857995
Steap1,Contractility,Unresidualized,0.21008699302348752,6,-0.016831874151857995
Sulf2,Cell Cycle,FUCCI residualized,0.09820999333588014,6,-0.008739554375996175
Sulf2,Cell Cycle,Unresidualized,0.10694954771187631,6,-0.008739554375996175
Tagln,Contractility,FUCCI residualized,0.14903116731226698,6,0.03346210369044873
Tagln,Contractility,Unresidualized,0.11556906362181825,6,0.03346210369044873
Thbs1,Contractility,FUCCI residualized,0.1022972126379829,6,-0.018840826520797785
Thbs1,Contractility,Unresidualized,0.12113803915878069,6,-0.018840826520797785
Timp1,Contractility,FUCCI residualized,0.17217849505695482,6,-0.015507970910283109
Timp1,Contractility,Unresidualized,0.18768646596723793,6,-0.015507970910283109
Top2a,Cell Cycle,FUCCI residualized,0.11992184004401836,6,-0.2923958744725452
Top2a,Cell Cycle,Unresidualized,0.41231771451656357,6,-0.2923958744725452
Tpm2,Contractility,FUCCI residualized,0.17314718350740652,6,0.03142158158443825
Tpm2,Contractility,Unresidualized,0.14172560192296826,6,0.03142158158443825
Tpx2,Cell Cycle,FUCCI residualized,0.11841193980574348,6,-0.11050115712359078
Tpx2,Cell Cycle,Unresidualized,0.22891309692933426,6,-0.11050115712359078
Tubb4b,Contractility,FUCCI residualized,0.13371170532064194,6,-0.04368661171623578
Tubb4b,Contractility,Unresidualized,0.17739831703687772,6,-0.04368661171623578
Ubb,Contractility,FUCCI residualized,0.17668888491148124,6,-0.003530927397640521
Ubb,Contractility,Unresidualized,0.18021981230912176,6,-0.003530927397640521
Ubc,Contractility,FUCCI residualized,0.1862914406736287,6,0.01241374654487365
Ubc,Contractility,Unresidualized,0.17387769412875506,6,0.01241374654487365
Ube2c,Cell Cycle,FUCCI residualized,0.07828951791053257,6,-0.21737082800697732
Ube2c,Cell Cycle,Unresidualized,0.2956603459175099,6,-0.21737082800697732
Uqcrb,Contractility,FUCCI residualized,0.12196763041351923,6,-0.022981816929453433
Uqcrb,Contractility,Unresidualized,0.14494944734297266,6,-0.022981816929453433
Usp14,Cell Cycle,FUCCI residualized,0.07939774910733662,6,-0.03675288334682797
Usp14,Cell Cycle,Unresidualized,0.11615063245416458,6,-0.03675288334682797
Vgll3,Cell Cycle,FUCCI residualized,0.06373377408733089,6,-0.054756037344718
Vgll3,Cell Cycle,Unresidualized,0.11848981143204888,6,-0.054756037344718
Wtap,Cell Cycle,FUCCI residualized,0.14173950484094264,6,0.009744729660215223
Wtap,Cell Cycle,Unresidualized,0.13199477518072741,6,0.009744729660215223
Zfpm2,Cell Cycle,FUCCI residualized,0.13707656595924758,6,-0.00690799112018578
Zfpm2,Cell Cycle,Unresidualized,0.14398455707943336,6,-0.00690799112018578
