,avg_Pearson,avg_Pearson_fdr
channel,cell_shape_feature,cell_shape_feature
Prc1,0.371292294806889,2.3308333690510473e-173
Top2a,0.365925576059935,1.426750797520353e-187
Nusap1,0.3196008472550674,4.237011051935711e-117
Cdk1,0.2999671576984458,9.733607854566049e-120
Spc25,0.2826565365258926,7.617303457618657e-103
Kif20b,0.26844872325744407,5.860902508260244e-79
Cenpf,0.25783452537416934,1.0951055323975983e-75
Ube2c,0.2543279652603431,1.0116543546231063e-77
Mis18bp1,0.253104176707463,2.9411718173247467e-71
Kif11,0.24454719273169997,1.2322021671405518e-68
mt-Rnr2,0.23934309085280173,1.062068676398533e-64
Incenp,0.23259921734962571,1.7714204356419088e-64
Sgo1,0.23178948850996597,9.842458385605434e-61
Cks2,0.2243694842833838,2.0257531686333697e-54
Ppp3ca,0.21596943785082365,4.5139087520231336e-55
Hist1h1b,0.2093482603719228,3.948246341505277e-61
Sgo2a,0.20830515900894583,1.1349614894924234e-50
Gm42418,0.20768718715503867,1.776081924253186e-43
Cenpe,0.2042405242657989,8.842474679584382e-44
Ccnf,0.20390309199127085,6.714968311065663e-49
Birc5,0.2024998170511683,9.921715249672201e-49
Ccnb1,0.19938147390873884,5.256443891881663e-45
Smc4,0.19905799470359134,1.5191176675498504e-46
Erdr1,0.19416154530993382,5.59885265448155e-47
Cdca8,0.19297978396509588,6.046281564771723e-42
Timp1,0.1908115706366077,1.5107160180739768e-49
Ckap2l,0.19067801061753764,1.5871526294108055e-37
Kif18a,0.18571909813832185,4.735311304722217e-37
Tanc2,0.18369642232957636,4.867525887011717e-35
Hmmr,0.18122704826666455,8.390665551657288e-33
Cryab,0.18057538719782099,1.6869967627922795e-42
Slfn9,0.17979196959240615,1.2725408081585398e-38
Tenm4,0.17838299725384343,4.647975783017487e-39
Anxa3,0.17760376909195497,5.677286255173247e-44
Aurka,0.17659307915732617,5.723189994274881e-34
Trps1,0.1744935134540541,1.8343794712998926e-33
Cdc20,0.1727256117546924,2.084140236075929e-34
Rad51ap1,0.17190249290703774,2.4213094141281925e-38
1600019K03Rik,0.17153831638788397,2.966856830633606e-31
Tubb4b,0.17148099494511113,5.5542925566792136e-36
S100a7a,0.1695982734107645,5.233853192748692e-34
Cep55,0.16759198917683502,8.711492563607956e-27
Peak1,0.1661589972323441,6.432531161292654e-32
Steap1,0.1657954102712532,6.432531161292654e-32
Hist2h2ac,0.16370815439691075,2.5978901518964773e-35
Pgp,0.16297383228585005,6.091490659029805e-29
Hist1h2an,0.160224291314985,2.922337629329643e-36
Cald1,0.15925039143524897,2.6583574248851347e-31
Ubb,0.1588151583221998,2.8754169956442677e-33
Knl1,0.15700296287739793,2.5544671672186589e-26
Gm26917,0.15629243284929237,1.3378802762015238e-32
Ccna2,0.15362770922694619,1.8354950080234015e-25
Fgfr1,0.1532334445288819,2.9719135149007582e-30
Sox9,0.1528161240758288,1.1098909297956197e-27
Timp3,0.15026193000234858,3.560145522765922e-26
Rdh10,0.1501251712544078,1.739218001308515e-22
Spdl1,0.14943095568402054,7.328434842566199e-21
Map1a,0.1484135977074036,1.6772790254786358e-26
Arhgap24,0.14733402115045505,3.347037430474696e-26
Ccne2,0.14699571415969087,1.7456984587107707e-21
Hist1h1e,0.14692302571300264,1.2540737882296825e-33
Ptms,0.1468919967064867,4.1147131693763877e-29
Cst3,0.1467019658857508,1.3365825956553355e-30
Maml3,0.14604958448917246,1.424185190785127e-22
Parpbp,0.14477980146811864,1.1249617800381444e-21
Hist1h2ak,0.14409839291474966,3.9639597264834e-29
Hist1h2ae,0.14405290474772683,5.7994371180023964e-37
Lockd,0.14374339412617154,4.035035350283227e-18
Mustn1,0.14334524911707167,7.538939799891897e-36
Gm26870,0.14325201538815574,2.008081279202833e-21
Ckap2,0.14138041169017457,4.601404665586646e-22
Glipr1,0.14053761645753873,3.449564416586625e-24
Il1rl1,0.1358134076173052,1.617793953811965e-21
Amotl2,0.1355563298660427,2.7038121269289092e-18
Arhgap11a,0.1355267979921754,2.2575400480402324e-19
Cdkn1a,0.1354429525514482,9.126002467008061e-20
Rrm2,0.13519279086394495,2.357326416065629e-28
Gm43154,0.13389015961906547,6.400397414560907e-16
Bub1,0.13359183097800673,4.87041235664009e-19
Acta2,0.13251034921613322,3.487531254397698e-37
Gas2l3,0.13246740325566525,1.771337741309116e-17
Gm17501,0.1320703755602704,7.595055974170097e-18
Tpx2,0.1317336038984674,1.0361389368723173e-18
Cd63,0.13084173977602093,4.369225342205114e-23
Fgd4,0.12996311889486623,2.805949525446015e-18
Actb,0.12882742874890346,6.7147330140367055e-28
Fbxl7,0.12881981745794438,2.753305004722496e-16
Prdx1,0.1275749729907076,5.963908595768662e-24
Pcdh7,0.1273932322959057,4.305632295740808e-18
Gm5886,0.12622118519431316,4.864378754403578e-16
Uqcrb,0.12539183321352113,2.0939840191291463e-15
Ddit3,0.1252058132314228,9.209101820112725e-23
Atad5,0.12443228700434943,3.735884743846731e-17
Hist1h4d,0.12441076577375428,2.39169180975746e-19
Negr1,0.12422957500303955,2.5389231642167243e-15
Rplp0,0.12361618644531171,1.513657219765299e-22
Magi2,0.12328366563790251,5.244532859198349e-15
Hist1h2ai,0.12306825633265783,2.2142413418576297e-23
Nxt1,0.12267022056799837,9.085834561544764e-18
Zfpm2,0.11927808170470101,8.812498853994404e-18
Cdk8,0.11827295324142362,1.5952146620486608e-12
Ubc,0.11722862083037618,2.04061321030288e-15
Opcml,0.11611513944555046,3.891813826424119e-12
Scd2,0.11556727043555343,1.8365181801247243e-20
Prmt1,0.11534757106064424,1.1938856709130347e-14
Ctgf,0.1138287340070095,2.7490306074433136e-15
Serpinf1,0.11355995351969135,3.5543935569540494e-19
Slc25a5,0.11251382507044007,1.1422913978566238e-14
Sdhaf4,0.11103174749579048,2.069028356715742e-11
Prune2,0.11062376455988097,1.2354059030711459e-12
Cdc6,0.110236903057729,1.1877872030284379e-10
Gm10801,0.11012170247942567,4.515463709516348e-12
Pcolce,0.11000887463491611,4.18967477468379e-20
Aspm,0.10908477941666124,8.810369482540387e-11
Cenpa,0.10861105022144062,8.810369482540387e-11
Blvrb,0.10758108037239693,9.425229133183617e-18
Mki67,0.10689648976611571,6.178829295972674e-12
Kpna2,0.10679165037032097,1.6380527396448752e-11
mt-Rnr1,0.10505125423503069,2.420362457101409e-18
Ndufc2,0.1046721428775348,1.2128369565361893e-12
Vgll3,0.10456324149640854,1.2560671001189335e-10
Myl12a,0.10405931340011154,2.977376720150337e-15
Cope,0.10400928723044056,2.172961973939078e-16
Edil3,0.10382182087756929,6.115665726762648e-09
Hist1h2ab,0.10250802414605925,1.808675288116778e-13
Hist1h3c,0.10218240289676005,3.943718898324397e-15
H1f0,0.10213686019313827,3.6284004722063417e-12
Tmsb4x,0.10158434705349297,1.8070337080009683e-15
1600010M07Rik,0.10103783354248691,5.5440788626513616e-08
Anxa5,0.10027278447951053,3.6740790262205825e-15
Hist1h2ac,0.09939200554065832,9.048678506632349e-14
Cpne4,0.09933214258191435,1.6018504040471468e-11
Igfbp7,0.09921821951387517,2.4092576409134012e-12
Kcnq1ot1,0.0990623757748665,1.6422270311272419e-12
Pcna-ps2,0.09854166042538408,3.245315658124824e-11
Tagln,0.09850139966844106,9.449581730438978e-22
Prss23,0.09800795601575563,2.012912444829678e-14
Pdzrn3,0.09795170404281721,1.2703526357446837e-10
Anxa2,0.09760535405220172,4.5702310132108344e-14
Ebf1,0.09689021491006318,3.433495613443765e-09
Hspa5,0.09659060938737844,9.055116105486937e-12
Egr1,0.09404254465170857,5.759075675864769e-09
Ptgr1,0.09389544863220749,1.3301966053614944e-08
Lgals3,0.09379443940734485,1.4267274010190058e-10
Rora,0.09345681211663516,6.094707729964683e-09
Nrg1,0.09229130592287414,3.8525356460133634e-12
Adgrl2,0.09218590669437822,7.073016158807456e-09
Pdlim1,0.09218099889575526,1.091689353976023e-07
Sorbs1,0.09213831372539326,9.328275193392591e-08
Sdhb,0.09161862625943291,8.88401661724295e-08
Itgb3bp,0.09140341884624881,1.500462255945504e-08
Cxcl5,0.09071467289608652,5.336706740926166e-12
Immp2l,0.08905524731543076,2.61801171460729e-07
Ppbp,0.08852272626626383,2.5641575976159227e-06
Kctd15,0.08788209632403139,3.514416093898613e-07
Mid1,0.0878665652444997,9.813575271302405e-06
Serpinb9b,0.08784113769343833,6.909723925455396e-06
Tgfbi,0.08771731465530953,3.92337471939124e-06
Kcnip4,0.08720565404402832,4.5748404974199853e-08
Id3,0.08672506544966463,1.7198183903736156e-13
Hist1h1d,0.08651241140371234,4.250766292831338e-14
Ccdc77,0.0854863236973024,2.262375379749595e-06
Sema3a,0.0834271436700406,1.816888906011408e-08
Hist1h2af,0.08325056145936016,4.20773249234258e-07
Anxa1,0.08284827269353932,3.609422981091304e-10
Col11a1,0.0819863353653374,3.5596072570061682e-06
Eif2b3,0.08171326492770636,4.661738527366225e-07
Tnnt2,0.08156291763641674,3.135986929855937e-07
Mtmr6,0.08153345973177985,2.1429958673505178e-05
Eif4a3,0.08095003432962887,3.512016101117836e-08
Slit2,0.08014533694924002,7.286168857872152e-08
Sapcd2,0.07995471084360176,1.8767180798510547e-05
Gm26561,0.0799394561578107,1.675541197110521e-06
Tpm2,0.07914764631228495,1.4730040730666448e-10
Sulf2,0.07869568671934962,6.909723925455396e-06
Crim1,0.07838777514866198,7.854494400285309e-09
Cped1,0.0783186079252625,1.8354189808200177e-06
Kdm5b,0.07820611988816199,3.03819876919484e-07
Gadd45gip1,0.07808368500974551,7.353541052288545e-06
Pttg1,0.07795696122387832,5.827263569294216e-06
Catsperd,0.07767895694436971,0.000203021960687294
Mad1l1,0.07766014412933878,7.969987512541952e-06
Adamts5,0.07751769842285018,1.0015215738012611e-07
Pxdn,0.07695045391927026,5.5576162018776854e-08
Gm28438,0.07643856342891757,2.7355782290915416e-12
Ngef,0.07633942682910431,5.922699141626451e-06
Rfc3,0.0761032282428331,1.2118839021045206e-05
Sntg1,0.07568084259240047,9.750042245236859e-05
Hist1h4c,0.07530831867433763,3.8055227246907006e-09
Chd2,0.0750407883695317,2.78812802105587e-07
mt-Atp8,0.07495663092925053,1.1997359885150408e-08
Eno1,0.07485598281462734,7.818022356274196e-07
Ncapd2,0.0743419707267256,2.7623301598493368e-05
Fgf14,0.07425945092042788,3.4370320358700266e-05
Mxd4,0.07415844627906874,1.4904748333761517e-06
Creg1,0.07384469679260357,7.322309614692163e-07
Ccl8,0.07383129035735138,3.75242381014658e-06
Gprc5b,0.07346722603325227,0.00035206397960169534
Thbs1,0.07317442212636999,4.703301150135971e-06
Gm34224,0.07294241297349738,0.000464305454293396
Rpa2,0.07292937668555009,0.000853209603601126
Ptgs2,0.07202232669482848,0.0003430532432993846
Sox6,0.07176593851526039,0.0021991983432691174
Sra1,0.07128694888413512,2.1308056948372937e-07
Wtap,0.07118470127159132,0.0010536091155863136
Filip1l,0.07111802376195998,7.369452686284945e-05
Smim26,0.0697832920043559,4.618595076308233e-06
Akr1b3,0.06922909111067205,9.133866062714287e-05
Fos,0.06867877776366697,0.0013731158629708576
Hmgn5,0.06854375702358274,0.0010058268022097605
Ppm1g,0.06800059074366195,0.0005354680479281808
Upf3b,0.06784066585971832,0.0017654141609608166
Cyp51,0.06775501312806585,0.00044616045944172774
Gas5,0.06743797239188858,0.0029303370766846195
Fbln5,0.06741658715280266,3.8934118792704376e-06
Myc,0.06690328104546535,0.00010796126781085119
Npas3,0.06625180535686462,5.5358004978982315e-05
Selenok,0.06616648789137687,2.3628448181989602e-07
Btg2,0.06603029909019639,0.0004569627833250659
Cyr61,0.06598876496128364,4.1187239816813086e-05
Gstm1,0.0656681089046903,1.6345246017509472e-05
Ifitm3,0.06566043140381092,1.5072915313609305e-08
Hist1h3e,0.06563051183177389,6.609236730317002e-07
Rxfp1,0.06509493025243504,0.01015276256436395
Grem2,0.06497376872520538,0.0001796447619180127
Fgf7,0.06489398460379212,0.004021204974378718
Pcdh9,0.0644560203331871,3.1418444279183972e-06
Ptrh2,0.064400811068807,1.5643609642510412e-07
Col5a2,0.0643418059855801,5.230936874282392e-06
mt-Nd6,0.06403235546569093,0.000517880427736123
Gm26854,0.06378194355970597,0.001035006992771529
Tmed8,0.06372044545019258,0.0007529880224520081
Snrnp35,0.06352454786361199,0.0020231087487314224
Dstn,0.06319513040094156,1.0450884861306427e-08
Pdgfra,0.0631733016423232,0.0026490135106430994
Pard3b,0.06315665794369,7.969987512541952e-06
Gm19324,0.06282873858407052,0.0005733881596769839
Hist1h3b,0.06272853013067192,1.2867254395113333e-05
4930432E11Rik,0.06263829526001317,6.0359116009492536e-06
Gm26668,0.06190203230214275,0.0005926572571970449
Rnf169,0.06176782829810867,0.0008773342143770417
Gm3375,0.061766280583828964,0.00041251404723029764
Camk1d,0.06166552567814048,0.0007513482183132998
Nnmt,0.0613964417516879,0.0035786866006012456
Cacna1b,0.06131200257227004,1.2425333281447103e-05
Mrpl55,0.061048987067898054,1.2867254395113333e-05
Hsd17b11,0.06098135007556991,0.0015673796468762024
Cobl,0.06091853368257394,0.006160067604818707
Zfp651,0.06088770609709396,0.009728041962717454
U90926,0.060885040851223454,0.00017334646369694906
Cmss1,0.06054470908772249,0.0062019146511027015
Medag,0.06004994598860508,0.015868044652671602
Dlgap1,0.06003111568413203,0.0007771762298854109
Hist1h2ag,0.05987603054518539,0.001319416422975442
AC165092.1,0.059739097937860114,1.6448296639495154e-17
Lyz2,0.05958929680388154,0.0008312744230835333
Gm11560,0.05933316152591995,0.008828703629973591
2310033P09Rik,0.058650943394741674,0.019908344153824517
Gm14280,0.05859057393278411,0.008828703629973591
M1ap,0.058573971568203285,0.002538751276137547
Neat1,0.05852334051902396,0.01562521119645238
Gsta4,0.0584104823138844,0.00992662425375011
Dhx40,0.05830800445710812,0.001395418744037037
Gdf11,0.058169885651173,0.011057838940783172
CT010467.1,0.05812421212028218,0.014906772364927197
Slpi,0.05811373551157354,4.816987421180414e-06
Fam219a,0.05663940093070476,0.009792296504252744
Cdkal1,0.056578074380671035,0.042923335539727256
2010001A14Rik,0.05620085627194068,1.6050637303576666e-05
Cenps,0.05619449767020262,0.0038357624151705494
Irak1bp1,0.055652774527681276,0.0029634231200889555
Boll,0.05562097485637391,0.034206337819880514
1700061I17Rik,0.05550498033076129,0.00797237759617924
9230104L09Rik,0.055434476305333526,0.004984203590959113
Bgn,0.055282133184474225,0.0006511030848820532
Gm26531,0.05527519332580166,0.001138728079948667
Phex,0.055214217062585356,0.023985527632795163
Gm11884,0.05488883861801954,0.0017963618768911563
Parvaos,0.05470181867595999,0.008588335108427575
Trappc6a,0.054679632485189,0.008645554792278097
Ereg,0.05465355599533526,0.019381315478623422
BC055324,0.054524904382388995,0.007294195329148497
Git1,0.05435085391711772,0.0306452419863938
Sema3c,0.05426172263849053,3.223630014895132e-10
Arhgef39,0.05413164224657611,0.028326855402713357
Adh5,0.053896901614922145,0.004984203590959113
Pop4,0.05343235045298549,0.030388315450981165
Tas1r1,0.05330852256356944,0.019991892246686863
Prcd,0.05325154177783972,6.609236730317002e-07
Zfp938,0.05313679296937896,0.004699238253345566
Col13a1,0.05294688437083372,0.0010536091155863136
Fgd3,0.05281382297972804,0.007878192464832545
Rcor2,0.05254118775340059,0.0005130139586992759
Lxn,0.05249805882209153,0.006079872449501986
Mvp,0.05229301443279009,3.70965563966368e-05
Nppb,0.05224834528036162,0.011567193026292362
Cntnap5a,0.051901927784956614,0.037952166067971346
Gm28177,0.05189837891773202,0.03862080562787557
Tpm1,0.05175958784999426,0.004059613940997382
Usp14,0.051468755668282545,0.02657000967386587
Draxin,0.0511869947634192,0.0023988709805434056
Rnh1,0.051060949522665156,0.0016974719635865169
Spata7,0.05092945332963689,0.00031881894594529763
H2-T23,0.05090080021352523,0.05890563323758569
Gm4577,0.05081547604844396,0.0014017450590515814
Cog4,0.05037993267935017,0.0001670634854178932
H3f3b,0.05004697999694624,9.336377316953862e-06
C730034F03Rik,0.05002291851747176,0.0054166107519771625
Rbbp7,0.04969301422278655,0.04378169159410471
Gm15564,0.0494047659143988,0.030388315450981165
Gm15950,0.04912885099135425,0.08808450397989358
Kcnd3,0.04908489105459606,0.04608678117532864
Arfgap2,0.049049050605053025,0.10325342273124578
Nsun4,0.04892791196728113,0.06538247242873879
Ak1,0.04847114006139911,0.0026022282336434807
C230088H06Rik,0.04810602603983285,0.13100016597768935
Sh3bp1,0.04808496028614406,0.0777701397541088
Lrrc17,0.048003795770561665,0.02147277222588788
Plpp3,0.04790463092923228,3.8934118792704376e-06
Gpr139,0.04769847496622711,0.005285936852224144
1700123J17Rik,0.04766766085729873,0.00041251404723029764
Itm2b,0.04757683839619581,0.0037703227690104235
Gm15640,0.04750624495586458,0.16145931410443268
Gm20033,0.047456856223380924,2.991073936261109e-05
Tuba3a,0.047448577182436946,0.002384453387649992
Gm4540,0.047419341139162935,0.03538477684938783
Cyfip2,0.04739348501026463,0.10981835363805499
Sox4,0.04738144037828951,0.02743238519872956
AC165249.1,0.04734088122641961,0.013364200267603722
Mettl15,0.04732774930130409,0.039637879749152775
Dpyd,0.047214182081000096,0.07127615964438082
AC239878.2,0.047185610113983235,0.010580447341820589
Fermt3,0.04713961402743035,0.15447158863286345
Cfap97,0.04709925634734799,0.1200675155346921
2010001K21Rik,0.04705081054770175,0.07376882407015174
Platr3,0.047042676256358607,0.051514667602837697
Dnajb4,0.046741204280005645,0.21334432050681182
Gnb5,0.046692795140541955,0.0007372227470251689
Gm12762,0.04663469262207579,1.425888472711821e-06
Kat14,0.04635876689587073,0.14303178341815473
Hist2h4,0.04616148574213955,0.04034720413710828
Zfp811,0.045841269396564834,0.05799874487482269
Kmt5b,0.04565400061136351,0.14373334052016803
Rpl34-ps1,0.04551190840020345,0.2457850974023148
Gm20442,0.0452033597469808,0.04738026506123555
Scd1,0.04465538031654958,0.03420826639308316
Hist1h2bc,0.04457354256543678,0.05836732268533889
Lox,0.0443061548151217,0.10325425029633027
Mrps34,0.04422571160280394,0.174001169856856
Myl9,0.044058343476468566,0.01077350829637105
Bnip3,0.04398449146635295,0.1106787497033227
Gm7638,0.043943132623999535,0.3724035791979629
Rpl13-ps3,0.04385810194826225,0.007008650104350186
Aco1,0.043492469377686936,0.055743570709174725
Srrm4,0.04344264066659221,0.3003860668718959
Dbr1,0.043338059676645835,0.002450288409435893
Enpp2,0.0430853138877692,0.0070220669206588005
Gm15270,0.043043713297064114,3.064365252038488e-05
Ecm1,0.04294268606740707,0.11374803541405278
Dcxr,0.0429356031026579,0.011043654486049064
Cpa6,0.04291846604270799,0.1583783361441036
Clip3,0.04285093479074992,0.23616420525957968
Gm5430,0.04283850844155387,0.07665041936363137
4933429H19Rik,0.04265951542121848,0.002651417162304782
Cep85l,0.04249947920795192,0.15447158863286345
Ano3,0.042492838371613245,0.15187278184909664
Enox2,0.04222342841263388,0.017361273374724637
Itgbl1,0.04221921929714892,0.011224869186086424
Aldh1a1,0.04208940085388204,0.2543393766244584
Sgsh,0.042084729737158454,0.037952166067971346
Gm26916,0.04197640584328551,0.054298006813261586
Mdm2,0.04186774400246094,0.292165676537359
Cryz,0.04172699387758147,0.21911218344355654
Gm15128,0.041685759530562305,0.04910784741181918
Actg2,0.04161733453066103,0.0019147190899614821
Mnat1,0.04143406432605495,0.2789559800407868
Rgs16,0.041272885396643054,0.3352167577896152
Gm15032,0.04120065360478547,0.0885717417021368
Klf12,0.04118504083570066,0.05203973394336937
Zfp692,0.0411633756165434,0.445686435198796
Atg4a,0.04113992192111992,0.17799665859428906
Gm23935,0.041046913904196174,0.007878192464832545
Armcx4,0.040860936853537304,0.00015614654701886534
Tfb1m,0.04082314732059616,0.3718453465626409
Gm16712,0.04039245189378598,0.06018820545465462
Gm9311,0.04027019014347038,0.08651187193962079
Gm15932,0.04020471174753232,0.059876175523338925
Mad2l1bp,0.04010502896109286,0.18455421834695862
4930558J22Rik,0.039623698293871565,0.40944353688501206
2310039L15Rik,0.039511196061333236,0.05713992748383825
Nr2f6,0.03950718142294806,0.17957309999841603
Vasp,0.03947657924846633,0.07345794827436992
Sh3gl3,0.03943292639257205,0.11577953827308939
Cd4,0.03942595160748471,0.06421319500078447
Aga,0.03929505795487396,0.05167990872798017
Tmprss9,0.03919339997269936,0.47071740668682316
Gm9844,0.039055198743861784,0.07127615964438082
Dnpep,0.03898997391018666,0.1680497254294043
Pla2g10,0.03891793048703331,0.3724035791979629
Ier5l,0.03883708496862389,0.06901014412818891
Ccdc181,0.03871150081526971,0.07127615964438082
Sgta,0.03867188582969678,0.08670880861918798
Rab8b,0.03859849628132309,0.376905722658691
Wisp2,0.03857683306090582,0.047835825511876595
Ccl2,0.038540113643452535,0.06517813994964249
Etfdh,0.038527579183649435,0.292165676537359
Gm17514,0.03844093432702666,0.09073434445415443
Fancc,0.03834870018736226,0.20633060372552203
Tbc1d10a,0.03826144560367956,0.5342993605493989
Tspo,0.03825832259002512,0.10397152602321726
Gm16073,0.03814252073001261,0.0417634491844441
Gfm1,0.03810247823756708,0.4762840181426858
Mfap3l,0.03787081665582106,0.2980699528934268
Tecr,0.03773678541069625,0.016334950009167758
Gm38560,0.03767768916482898,0.05483323553571906
Gm44275,0.03762881999855719,0.0010438542109139472
Gm3448,0.03745749240895178,0.07487037732398204
Asb18,0.03733477897826324,0.004084397093574732
9130019P16Rik,0.037329178312102716,0.3142815007256953
Tspan2,0.03726923542640972,0.2714000866073396
Rnf26,0.03726895608457212,0.07376882407015174
Plin3,0.03711589512767515,0.07530505312036814
Hist1h2bf,0.036955405297750564,0.29274494655250427
Cluap1,0.03678841888293839,0.27579034413142384
Anp32b,0.03645393157292118,0.025582315155698473
Tmem79,0.036190168471408136,0.5402145072927449
Pbx4,0.03616013933201305,0.0035786866006012456
Gm10371,0.03610889076026889,0.007701393430924034
AC153564.1,0.036023465642771535,0.6036210029497523
Rpl31-ps7,0.03591102077623674,0.18455421834695862
Crlf1,0.03590817201150088,0.015346301071041063
Gm6563,0.03585547077470982,0.3485137542834668
Slc16a5,0.03578796990756624,0.7001197169428882
Commd9,0.03576560189169909,0.14529053397583908
Ube2s,0.03575455893210717,0.5771099616381741
Cad,0.035710982511567284,0.7215208263164669
Platr25,0.03549330693891182,0.3510479780886527
Cdk4,0.0353103408055822,0.12111328149326851
Spp1,0.03524638734007104,0.11936342566965413
Atpaf1,0.03523502337313902,0.38919817200703694
Chst8,0.035222512235005034,0.1938118828480108
Gm14399,0.03522166426310087,0.012389027397193077
Prl2c3,0.03511908584344034,0.16469605036949791
S100a11,0.03509674443473086,0.005749043985247167
Midn,0.03498203843483775,0.37573890427951606
Tpm3-rs7,0.03486648876919344,0.07376882407015174
Galnt18,0.03484625043585167,0.34431384634962797
4930556J24Rik,0.034837843314722304,0.7151606277885538
Phgdh,0.03483394027954676,0.07787594324019427
Actn2,0.034828330546081844,0.4649030179256418
Gm36535,0.034741265488448185,0.1881968374956266
Anks1b,0.034576811303402656,0.7211987591966853
Gm16897,0.034571461827096896,0.6961784710277166
Sap30,0.034566626630342316,0.06449733228597077
Cnn2,0.03454278786773064,0.03962014104095709
Ppp1r16b,0.03452098579231008,0.534774138648425
Gm11728,0.034490344879286546,0.5307313073004364
Ly6a,0.03445990071390287,2.46560815166828e-07
Ggnbp1,0.034305778309769316,0.13147928483518156
Adamts6,0.03402310556796754,0.5705629132501965
Insig2,0.034006027872347,0.06358132379525586
Tmem196,0.033991489764143935,0.09915374072357114
Gm24949,0.033965708353190134,0.42141788759059506
Mtss1l,0.03378527941034349,0.02595442828951696
Nfu1,0.0337111517974327,0.15078012481261166
Gm4128,0.03352773942925421,0.3068308718004416
Alcam,0.03342676129071044,0.37896647540671957
Nme7,0.03338509967443649,0.5067482877653416
Vbp1,0.03322848784362725,0.30430662169648237
Terb1,0.03307299544718473,0.2414981500110171
Gm32786,0.03305772360777535,0.32574960252352636
Urgcp,0.03300212584097878,0.16654931828905314
Gm12973,0.0325285790485003,0.5089885906873878
Nfkb2,0.03210260229819114,0.08768898129579929
Pgf,0.03200814859362366,0.3708026775504853
Kazald1,0.03199399699298084,0.6416626434583873
Ncf2,0.0319795459368382,5.214758091816795e-05
C130060K24Rik,0.03193074219120317,0.0013870623663639245
Ptn,0.03184349011380086,0.6310824784472282
Thsd7a,0.031832365107251966,0.24103580895891336
Ttc39d,0.03175837176234054,0.707097370684437
Gabarapl1,0.03173886715650304,0.8956191275056304
Selenom,0.03152654796323102,0.03693495223524576
Bloc1s5,0.03143947122980001,0.4961038760698717
Palm3,0.03141603654582834,0.2714000866073396
Wdr78,0.031413451425571066,0.22457282002269213
Frmd5,0.03130636211078955,0.7963732075930118
CT030159.3,0.031216245342360834,0.6886748434587922
Psmb4,0.031111634099685887,0.031057394687416598
Abcb4,0.031092027464942898,0.2681242127031531
Lipt2,0.031068004308276775,0.174001169856856
Pex14,0.031027327413136227,0.14452459610813578
Dnajb1,0.031016879081198722,0.6177290964871722
Rnase4,0.030977172618181798,0.3724035791979629
Ampd2,0.03088538621161674,0.6090693660841433
Tgfb3,0.030729475435109555,0.5696595690224128
Itpk1,0.030668828299510374,0.08517905179004033
Gsto2,0.030660686241859674,0.07376882407015174
Pycr1,0.03059067992156585,0.718181113903676
Snord104,0.030471694152835776,0.6118278281797724
Uhmk1,0.03045862140122264,0.27017935489433204
Asb13,0.030442140127730055,0.37573890427951606
H2-K1,0.030382663488234925,0.1560212932864124
Rab26os,0.030379913485667556,0.6830521605729156
Nupr1,0.030365085216693056,0.15438688058683345
AC025913.1,0.03035174098588253,0.18455421834695862
Gm4204,0.030266974798684676,0.4872285993476246
Nup133,0.030141544420986766,0.2608590997235735
Bcas1os2,0.030081673003332098,0.4744411164747035
Olfr1369-ps1,0.02996507074905162,0.4586861003675718
Scamp5,0.029933699535984033,0.20799448663057876
Gm26804,0.029896663850237454,0.5851515618386259
Ppih,0.02980223039512374,0.7364870070990989
Ccl7,0.02976088169800038,0.8639369840869169
Ndst2,0.029705881852850752,0.8133517133321853
Gm15404,0.02964313561665145,0.7364870070990989
A230083G16Rik,0.029582739261171633,0.3272621957602233
Pnpla3,0.029481618081318866,0.00967557803338853
Vaultrc5,0.029478235850963094,0.48226301400944444
Gm7618,0.02943332435842559,0.6974300203894067
Gm5948,0.02932465327829438,0.26955088643063185
Pde12,0.029296180959034218,0.7305801801349381
Gm10701,0.029274534489828336,0.04333556704643338
Eid2,0.029241057728283545,0.9167394341141604
Nr3c2,0.029209934864813002,0.6906793687020507
Gm11960,0.0291747382609852,0.3510479780886527
Ppp1r15a,0.029133120065190865,0.11296157081512267
Magix,0.029132278801858546,0.01490946354838507
Tfeb,0.029055426129733764,0.6691523925689568
Pdpn,0.028974509824711437,0.01634482475834772
Nabp1,0.028967152113947372,0.015390975796373914
Cbx2,0.028922132683733295,0.15785014234130595
Lncenc1,0.028911539210583103,0.15098667523337977
Hmgcs1,0.028837280016008826,0.7364870070990989
Klhl42,0.028781446049868428,0.8061211910123192
Gmppb,0.02876650642162379,0.6289904444683068
Pcgf1,0.028695495352392814,0.4042844115626464
A330069E16Rik,0.028694943000432682,0.7388269130639243
4933404O12Rik,0.02868697646849804,0.9281716840124388
C77080,0.028615611014637957,0.2799804945823212
Gm12648,0.02859497541089655,0.9134134864061544
Dnah2,0.028576835006839194,0.718181113903676
Phkg1,0.02852897726076274,0.6391109390020425
Ccdc51,0.028523294978416575,0.40394827214916135
Fbp1,0.02847948670808974,0.11643001933702397
Gm20472,0.028281490786272335,0.9670438290095941
Olfr1033,0.02821076092749128,0.013492436761406733
Paqr5,0.02813831767497182,0.15122395737586639
Arhgap19,0.02803953024507208,0.09106881489514276
Fam46d,0.028033238852593702,0.3837563237880695
Gm7434,0.028026531829038744,0.16504704688903993
Mir6236,0.02800054195674163,0.3837563237880695
Acads,0.027914737124473343,0.1768706370678929
Scnm1,0.02783407166103592,0.5409517751192426
AC126549.1,0.027792047323013963,0.5641012719595225
Msh5,0.027709666290194123,0.929344176352998
Sptb,0.02768806450664943,0.3764057486600778
Wdr19,0.02733611664062906,0.06650140882282082
Gm26384,0.027328505874042928,0.007176119537005328
Lmf1,0.027313640122689654,0.4879633016850361
Grhpr,0.027238708909866693,0.7843821417268023
Nlgn1,0.02718997466717943,0.9167394341141604
Iqch,0.027186795085376633,0.27328408233446494
Ces4a,0.027140052516981275,0.059664995530348694
Gm42826,0.027092641040173577,9.336377316953862e-06
Bbs7,0.02702884742800644,0.44981949624010076
Ccsap,0.027027260399855136,0.19296053237323868
Dscaml1,0.02694226233994697,0.18957909591313665
Slurp1,0.02690026069332357,0.22584820129630725
C130026I21Rik,0.02687130995568786,0.0552654571369596
Gm28085,0.026831294670541652,0.9468577552480792
Gm2033,0.02682700216614835,0.1491077771841119
Nr1d1,0.026810128623187948,0.3603154609264491
1700008O03Rik,0.02680974667631224,0.7587956978266329
Tbcc,0.026771049994195856,0.5288341918239813
Hnf4aos,0.02676928664567671,0.7963732075930118
Platr21,0.026736321677457157,0.002221214008796901
Gm16272,0.026652692875285256,0.8508918774378055
Mt2,0.026568406375803946,0.18536472485990363
Csf1,0.02650915176554056,0.13672937718038314
Gm45589,0.026504943542764794,0.8089601367471797
Ly6c1,0.026455113029518484,0.014269107565643832
Eral1,0.02645481358011507,0.8504235825686779
Gm17906,0.02633938320511765,0.5825748222636923
Nlrp12,0.026296646545305672,0.8260781936971712
Nsun3,0.026196354062417188,0.2987155173351841
Spink6,0.02610804391600306,0.7627773491294735
Cnih2,0.02602811053199119,0.5641012719595225
Gm340,0.026020489428545856,0.0439469663644745
mt-Tv,0.025975616119461694,0.23936831253591817
Lin37,0.025924938207708515,0.3724035791979629
Siglecg,0.025867143097860857,0.05633530468385215
Actn3,0.025847383870930263,0.7145049303539391
Gm11867,0.025842584526364013,0.004299234286499976
Gm9573,0.025794647163082957,0.06571025674847707
Nectin1,0.025764336315596405,0.02595442828951696
Slu7,0.025760916793118902,0.22850858972654076
Zfp423,0.02563728706263559,0.010861987447385396
Gm7117,0.02562579385559251,0.026007020288535857
Gm44010,0.02560488483061767,0.04818358713954427
Gm20754,0.025577798031335527,0.9213478478398399
Nexmif,0.025520514156972613,0.5908401905468822
Ndufa9,0.02547010896386494,0.000632582700831293
Gm17308,0.02545934857008425,9.242338407544441e-07
Gm9436,0.02545174545227635,0.6886748434587922
Gm12718,0.02543242532416168,0.47604757910386386
Pde10a,0.02534948820383977,0.36470183057067673
Col3a1,0.025322230150067335,0.01465504565592321
Naaladl2,0.02531081230245495,0.2077949423731575
Gm17251,0.025298888717226648,0.8769284080239653
Acta1,0.02528393328228022,0.17004353517787937
Fkbpl,0.025176336972752452,0.3368288292924769
Gm45371,0.02508399120166185,2.589065197661752e-07
Gm10060,0.02500639734813519,0.885838351113496
Clhc1,0.024952819330822964,0.34686990904597387
Nt5c2,0.02487282331604923,0.0552654571369596
Rundc3b,0.02485040044306358,0.5889232616526485
Rab10os,0.02478178189960138,0.9486734670896907
Dync2h1,0.024753727778498866,0.4656452224895508
Gm17114,0.024665710515726278,0.33575888858792396
Ppargc1b,0.024663830437475023,0.7922522583148839
B230312C02Rik,0.024577505621977608,0.5962437478294396
Rhob,0.02456831360961678,0.5422956196460524
Bhlhb9,0.02449130873277965,0.7364870070990989
2310040G07Rik,0.02442303749430982,0.6460149687924419
Itgae,0.0242607664785263,0.7571163680204275
Ltbp4,0.024182019419724293,0.7646310671608473
Gm11826,0.02416794140879942,0.933593679225248
Gm7412,0.024129247193840016,0.22233585145222004
Cog2,0.024085087856030446,0.834195694779399
C230038L03Rik,0.023833132798393622,0.640969831800694
Pzp,0.023792992270331603,0.929344176352998
Ranbp3l,0.02375981632317341,0.3395370240841278
Gm13853,0.023685898141272744,0.617734899642195
Xab2,0.023679915113484173,1.0
Apol8,0.023566006969554437,0.5881130188027128
Cd9,0.023371323434213276,0.8009462543237373
Gm14661,0.02329044571417674,0.885838351113496
E330009J07Rik,0.023210054143675194,0.5143786470046801
Col4a6,0.023109615203829734,0.6879228757690566
Plac1,0.02306678152470361,0.6276123471173858
Kif6,0.02304612875021414,0.8834539056881624
Amacr,0.022972043044811843,0.910450060492602
Smim20,0.022939485208479538,0.5839554547515772
9330111N05Rik,0.022679442128798924,0.9208218742096818
Def6,0.022646678325102438,0.9748889316402255
Gm35552,0.02264081668654359,0.06018820545465462
Gm7730,0.022572986845474093,0.02844101719765304
Gm29013,0.02249575863589648,0.5082636917597599
Mfsd6,0.022488170490441283,0.039853827943077236
Lmbr1l,0.02244705798236721,0.718181113903676
Ltbp1,0.02234222965484353,0.7763807167660101
Reep6,0.022280895167035963,0.9468577552480792
Gm16618,0.022259111659946387,0.8950319397524259
Gm26759,0.022205076829878906,0.9942446416260393
Gm12976,0.022201382349879617,0.38314417872347006
Gm4977,0.02218977834813773,0.011686536057326127
Uty,0.02214880207767786,0.3813615765347749
Cfap65,0.022017809431396456,0.182322145365717
Polr1e,0.022011604678922953,0.13691035155603667
Lysmd3,0.02197437050051519,0.07206825800023019
Dpp7,0.021967473848458666,1.0
Kansl1l,0.021926500608847727,1.0
AC164426.2,0.02187122917414973,1.0
Ppif,0.021825524231842613,0.23942220542739406
Rpl10-ps2,0.021778202089230574,0.4281790757741622
Adamts7,0.021620236831984895,0.9522699539183246
Rbpms2,0.02161634201900541,0.03373271124135579
A330015K06Rik,0.021562174032243458,0.5143270452704656
Fbxo36,0.02154648550169393,1.0
Maoa,0.02152456203411632,0.3508967245523885
Maff,0.021476955528078778,0.970055730649361
Fkbp14,0.021460351138366043,0.359443037776349
Timmdc1,0.0214562931071825,0.718181113903676
Gm7424,0.02139597463884121,0.7205182845933041
Rpl13-ps6,0.021388563648606723,0.9968721730751583
4430402I18Rik,0.021365998657083263,0.2051494752587426
Txk,0.021255560282099895,0.910450060492602
Wnt5b,0.02119867947925066,1.0
Zfp442,0.021187096133344015,0.772036382449233
Gm15198,0.02111931840104517,0.3724035791979629
Rps12-ps10,0.021085929910694717,0.11755581603694978
Ttll11,0.020953891667871944,0.82125123363883
Gucd1,0.02087296519534976,0.885838351113496
Msmo1,0.020816121260021355,0.11954755910082415
Gm37711,0.02065317041222087,0.423663707209093
Lce1g,0.0206458463152585,0.7803289608459496
Gm34314,0.02062283524393041,0.35004658137883776
Ankrd33b,0.02041891286986518,0.995786011966415
Degs2,0.020308482304809115,0.10769154832760411
Gcm1,0.02019174287747513,0.5409517751192426
Nudt16l1,0.020190410768059445,0.6961784710277166
Gm38102,0.020097447963404836,0.09915374072357114
Vtcn1,0.020077490109606112,0.9640882547984261
Hadhb,0.020060288772570916,1.0
Tmc5,0.019976681143538972,0.06358132379525586
4930478K11Rik,0.01994611265329207,0.3724035791979629
Jam2,0.019933400927358014,0.8039081049929881
Gm13547,0.019895874078338954,1.0
Gm31774,0.019876949465587528,0.08980646190570855
Zmat5,0.019863405098242342,1.0
Mfn2,0.01983787038397616,0.20179284391456387
mt-Tm,0.019811214242008632,0.6221031732208048
Egr2,0.019802189747554183,0.7908656735202548
B230206L02Rik,0.01967502196287498,0.4996112266802097
1700047K16Rik,0.019674076367772093,0.8639369840869169
AC124595.1,0.01963937386162364,0.011224869186086424
Arhgef4,0.019639346108418335,0.9828977474116088
Mlh1,0.019615252116236843,0.8327768256864021
Zc3hav1l,0.019445777368944584,0.5055055464382533
Gm11808,0.01943765468336439,0.10430332315286533
Coa4,0.01939543825604455,1.0
Fyco1,0.019369225807829106,0.08439686667213829
Serhl,0.019363662676843245,0.910450060492602
Ptpn13,0.01930400294554299,1.0
Gm13474,0.01930300505794461,0.1782154238047005
Mkrn1,0.019280139087795366,0.718181113903676
Mab21l1,0.01927762283147558,0.995786011966415
Gm14401,0.019243165917476535,0.05222347552768631
Ctcflos,0.01922540870535729,0.20466632059410203
Kat5,0.01920038433896958,1.0
4833418N02Rik,0.019143262494168246,0.19116964528195807
Ebpl,0.019103930843942556,0.27328408233446494
Anxa8,0.01906330098126351,0.005643697282662279
Pcdh10,0.01903497371593482,0.7107887203542411
Atf5,0.018977544688645955,0.8518484139336632
Btk,0.018929385668790998,0.9785697141018772
Il6,0.018872906019217366,0.9712939299579757
Popdc3,0.01885537336183538,0.13301325931869692
Gm13771,0.01881021031288353,0.6830504015325063
Casp2,0.01860546729822306,0.15785014234130595
CT010577.1,0.018592856801496176,0.020006337913611217
Wrnip1,0.018533895868499344,0.35943908306381306
Atp8a1,0.018505757653290718,0.9785697141018772
Zfp652os,0.018473182724749838,1.0
Gm26861,0.01847008006957879,0.3665176562243175
Gm19426,0.018425051212029156,0.8260781936971712
Gm16379,0.01841086931042531,0.9374673885101513
Fbxl14,0.018319294286215974,0.5564437145973498
Gm20744,0.01825249367851247,0.5271844770169565
Gm7331,0.018225345399457984,1.0
Ube2l6,0.01821729639655012,0.7843821417268023
Rtp3,0.018133538782519696,0.686201430353024
Ccdc158,0.018124074981890996,0.6276123471173858
Terf2ip,0.017980088509559337,0.8834539056881624
Prdm16,0.017977234729680984,0.933593679225248
Inpp1,0.01790025530404082,0.30423675097403113
4930467D21Rik,0.01776973604589924,0.7571163680204275
Ndst3,0.017734309624502606,0.3724035791979629
Pms2,0.0176854368386713,0.9265497753916925
Atcay,0.017661894392651353,0.7145044742563488
Gm26625,0.01763590675187218,0.4314494314512609
Xaf1,0.01763224574967279,0.7946153509391695
Rps6ka2,0.01758503175158305,0.8125233184398567
Tmc1,0.017524398714781602,0.6289904444683068
Tusc2,0.017469322649012593,0.995786011966415
Gm17268,0.017420766147350275,0.13672937718038314
Ccdc24,0.017404090128536578,0.6478562198934329
Gm16365,0.01731603707407268,0.8555081938363368
Sgtb,0.017309658422985222,0.8589215318867499
Zw10,0.017295892381031314,1.0
Dynlt1a,0.01719323599378759,0.263564214535187
Trmt61b,0.017158224190581765,0.508513982926707
Zfp85,0.017154162710656718,0.640969831800694
Kmt2b,0.017047303128544532,0.691873777703822
4933406I18Rik,0.016949896643125833,0.38118897241231325
Gm9687,0.01690945166574961,0.9143445547937712
Gm45184,0.01687344332487167,0.03925304697448813
Gm14137,0.0168657576204316,0.9513672667925879
Elmod3,0.016861971203370327,0.3786737307724392
B4galnt2,0.0168502397233306,0.6830521605729156
Slc5a4b,0.016831407379718246,1.0
C1galt1c1,0.01682894224366061,0.933593679225248
2410006H16Rik,0.0168156536726429,0.691873777703822
Foxc1,0.01679273181267218,1.0
Gm7312,0.016718616295074706,0.34686990904597387
Ptk7,0.016705204694485866,0.2206349699338893
Lce1h,0.016705021214748112,0.7436094574235925
Cfap57,0.01655866876484237,0.9650390780923932
1700007G11Rik,0.0165516421966477,0.7364870070990989
Gm35721,0.016519005675746785,0.707097370684437
Dock2,0.016485496630705334,0.9494428898677194
Ghr,0.01644933141007159,1.0
Gm609,0.016439087599914318,0.05015817695315422
Coasy,0.016372561901142595,0.9333084589972858
Gm6483,0.016351518151559667,1.0
Trim41,0.0163137714754035,0.7385934890308566
Cpne5,0.01629471154859059,0.013364200267603722
Sall2,0.01624623747016046,0.8126428670322277
Tifa,0.0162369796583913,0.8025929316446605
Gm26903,0.016154490886068074,1.0
4933424L21Rik,0.01614871654301656,0.8447402319203671
Gm7634,0.01610533116020159,1.0
Rnf166,0.01604953752939833,0.43920918168332523
Rpl27-ps2,0.016047251324974282,1.0
Gm12857,0.015998198833307675,0.6937024491880989
Gm7206,0.015997008318291196,0.9233036586683036
Raet1e,0.015940450300955894,1.0
Hck,0.015829666096939175,0.9249617257054293
Iqcc,0.015815646042677704,0.8496817039207991
Ccdc122,0.015796844230141917,0.8563221106890002
Gm6510,0.015737273203653538,0.6789480472485299
Rab13,0.0157363887533724,0.933593679225248
Fgfr2,0.01571282445434222,0.3935324335465205
Rps12-ps19,0.015669360336214036,0.8819690796381778
AC127254.1,0.015644815432063027,0.7963732075930118
Gm2628,0.015644300847775766,1.0
9630013D21Rik,0.015601776849035269,0.842394633311963
Gm9625,0.015536233068750143,1.0
Gm21399,0.015524813101253795,0.200636334079398
Grm8,0.015503598530590385,0.6886748434587922
Htra3,0.015489973238373275,0.174001169856856
Myo3a,0.015485902548595576,0.19828187595499297
Rps15a-ps5,0.015367216780869756,0.40944353688501206
3000002C10Rik,0.015351733960825967,0.0010624498342721366
Mid1ip1,0.01527355395050381,0.7095407228232407
Tuft1,0.015258240537423492,0.9760985743172691
Bmp1,0.015241479599218335,0.4733442525873914
Spon1,0.015230407257319075,1.0
Ppm1e,0.01520914767413431,0.15473872942271893
Zyg11a,0.015200750112543399,0.3317792761768337
Gm26542,0.015148607062696504,0.8496817039207991
Gm3355,0.015144190556818432,0.933593679225248
Nop9,0.01512756273973898,0.7253287292352366
Rpsa-ps9,0.015124949551674883,0.7963732075930118
Chac2,0.015026464083712712,0.9494428898677194
Tpt1-ps3,0.015023370209052722,1.0
Gm28153,0.014987007120234238,0.5397099082227484
Gm26520,0.014959516171766392,0.929344176352998
Slc9b1,0.014958335809163436,0.9197158760567158
Pex16,0.01494952309953663,1.0
Fam3b,0.014907393052701869,0.7722873593779916
Slc2a6,0.014847798601998557,1.0
Gm10130,0.014831075848574534,1.0
Dcst2,0.014783050273084452,0.9607298221249752
Rbm43,0.014769792146907941,0.885838351113496
Mrc2,0.014735069574116749,0.09068273234780128
Gm7370,0.01473304155164478,0.8208703882032298
Slc7a11,0.0147199653122047,0.3724035791979629
Aamdc,0.01470378456934196,0.9830126582059417
Zfp606,0.014699644900265036,0.2753177857738483
St8sia2,0.014662121272585845,1.0
Gm8557,0.014643900207286785,0.9012267475109871
Nphs1,0.01462019099395768,0.21125940800392706
Mfsd13b,0.014598221971111028,0.885838351113496
Nagpa,0.014596451283651184,0.910450060492602
Fam229b,0.014538925947578973,1.0
Gm44940,0.01448960434134046,0.7513957034999061
Arhgef15,0.014441901254306623,0.6177290964871722
Tex14,0.014393318510441141,0.9481039300454472
Fam217b,0.014383171168702224,0.9942446416260393
Aldoa-ps4,0.01434193546667128,0.707097370684437
F630040K05Rik,0.01431147883374567,0.9273892766073923
Hemgn,0.01430113191675701,0.37776912084942854
Trnp1,0.01419262578620681,0.9465094419038732
Gm7809,0.014190254439022785,1.0
Gm8513,0.01414679743082692,0.7551230348488045
Gabrg3,0.01408407429800973,0.6479970767750718
Glp2r,0.014008895126298443,0.910450060492602
Xrcc2,0.014006700361526368,0.13524112044222633
Igfbp4,0.013991598469496746,1.0
Gm31045,0.01396161290328391,0.7963732075930118
Gm11351,0.013922908724890591,0.673908437411571
Gipc2,0.013914894477603948,0.5683381252875276
Gm20400,0.013839685400941909,0.718181113903676
A430018G15Rik,0.013837637336531067,1.0
Gramd1c,0.013798114215802815,0.8168328851953776
Gm15706,0.013772510097820457,1.0
Gm973,0.013731482036361079,0.9816422762101765
Gm15879,0.013652851000009654,0.06672486642544463
1700022I11Rik,0.013639958214543224,0.7559799174954392
Gm35911,0.01360996675929129,1.0
Impdh2-ps,0.013578308728246788,0.9468577552480792
Cd180,0.013394805062808726,0.7843821417268023
Gm32647,0.01335912210319635,1.0
Serf1,0.013285485202953843,0.9374673885101513
Eaf2,0.013215126762847279,0.5985786234958089
Rny1,0.013140746749827436,1.0
Gm46369,0.013101640389910652,0.6164538871588455
Gm27477,0.013095316298003522,1.0
2700033N17Rik,0.013035474290679474,0.577587402271709
Smkr-ps,0.013025974397778162,1.0
G430095P16Rik,0.013011925498732084,0.2969939985100289
Caln1,0.01297859650209827,1.0
Sec23b,0.012841916386065437,0.93180181951754
Fam120aos,0.012727087449048602,0.11162439130163243
Bambi,0.012724299671405655,1.0
Rpl13a-ps1,0.012634443696553435,0.5771099616381741
Comtd1,0.012609258237760932,0.16299818488669204
Alkbh4,0.01255029859587943,0.8892618968628675
Uckl1,0.012437396452656839,0.29372401218746796
Ankrd37,0.012427861675645024,1.0
Mark1,0.012422796801509331,0.78058813358887
Dhx35,0.012398119222073928,0.4080574047508498
Rftn2,0.012390783762476097,0.718181113903676
Kyat3,0.01238830384422731,1.0
Cdh23,0.012386215952449658,0.07238657173301416
Gm18014,0.012370556888659678,0.9785697141018772
Dnah8,0.01230722151214996,0.43123427742774617
BB557941,0.012299827107641376,0.9942446416260393
Gm45769,0.01228119751094898,0.41480225739100246
Retn,0.012274949273470172,1.0
Fbxw4,0.012249209480356972,1.0
Zfp780b,0.012219873703315537,0.7306551679214465
Dsp,0.012208928515058367,0.6886748434587922
Pde6a,0.012170385245676903,0.8556519108696694
AC131029.2,0.012159011239450587,0.5242965546504739
Enah,0.012139067334944256,0.27114642872015143
Pex5l,0.012076167692740855,0.03472315181230814
Col4a5,0.012005725928743416,0.3724035791979629
Sorbs3,0.01196456829595205,0.7946153509391695
4930512B01Rik,0.01195630317905995,0.8342728855167355
Ccdc28a,0.011952204731044816,1.0
Rarb,0.011926821207096832,0.6579808222055358
Gm8174,0.01188216654610215,1.0
AC122465.2,0.011820933774758855,0.5409517751192426
Gm11472,0.011816442809160345,0.0777701397541088
Sdcbp,0.01181297390163985,0.718181113903676
Wdr5b,0.011741800239486814,1.0
Tmem151a,0.011732788396064653,1.0
Dab1,0.011657019586423697,1.0
Gm773,0.011655491943686806,1.0
Sp100,0.011640387446615844,0.8342728855167355
Car6,0.011608377482468754,1.0
Tmem132c,0.011568771999077592,0.9522699539183246
Actr3b,0.011529203742704455,0.8016948606412801
Gm26787,0.011526850993342067,0.686201430353024
Klhdc4,0.01150007670288516,0.874926655602003
Nsfl1c,0.01147527512310304,0.6067586768599367
Tnfaip8,0.01145911569031209,0.6289904444683068
Zfp7,0.011380903496560018,0.8892618968628675
Extl3,0.011367260904513432,0.29892637217515644
Nr2c1,0.011320150035891844,1.0
Gm9869,0.011295310513172889,1.0
Gm28344,0.01127798402201132,1.0
Pkd1l2,0.011258010534337412,0.7380230140077411
1700003G18Rik,0.011243162933771577,0.9357318600854156
Gm10563,0.011122129503551981,0.910450060492602
5430427M07Rik,0.011095544689770328,1.0
Gbp8,0.01102855392567234,0.17868736496048768
Gm26510,0.0109840506871679,0.6391109390020425
Farsb,0.010919854594857217,0.6289904444683068
Rragd,0.010910718367705576,1.0
Gm13215,0.010905821188814913,0.8457307441065868
Vgll4,0.010899415362314284,0.8096807320711344
Rnf138,0.010891867628588764,1.0
Mrpl48,0.010841748735673862,0.9134134864061544
Gm12152,0.010805237963940473,0.9143445547937712
Gm45499,0.01077111080897319,0.734523983622303
Rbm38,0.010757779186125043,0.8892618968628675
Gm16675,0.010704276989236733,1.0
Gm16148,0.01070052082381554,1.0
Arrb1,0.010615852831841214,0.812800837299014
S100a8,0.010475138210708406,0.8556519108696694
Gm5805,0.01047337058007256,0.9079781114178848
Itgb6,0.010461172663290122,1.0
Tigar,0.0104406572151405,1.0
Trmt44,0.010419567446096433,0.445686435198796
Fam169a,0.010410468720755756,0.82125123363883
Zfp219,0.010407074770131674,1.0
Clec18a,0.010364966752271415,0.07376882407015174
Pglyrp3,0.010362437969347747,1.0
Tnnc1,0.010353971853376389,1.0
AC157572.4,0.010313010531004873,1.0
Zfp862-ps,0.010282551626483463,0.5872321301304766
AU041133,0.010243121736053544,1.0
Lrrc19,0.010207852895104423,0.059876175523338925
Aldh1b1,0.010175697157884023,1.0
Pim3,0.010140044705700796,0.6910992296253486
Fbxo32,0.010127834144200452,0.22666053092483662
Itpkc,0.01005195390429517,0.8218369274966074
1700030N03Rik,0.009888251821744196,1.0
Gm17106,0.00974909458791875,0.7551230348488045
Hbb-bh1,0.009730464572322147,1.0
Pstpip2,0.009692344916614184,0.9788274714867825
Tmem40,0.00964879363599931,0.31251810589279144
F8a,0.009632025401060035,0.6221031732208048
Dhcr7,0.009618622255118739,0.9465094419038732
9430018G01Rik,0.009554076512955367,1.0
As3mt,0.00953459241880193,0.8566212377497199
Dock3,0.009521061841399224,0.5531060744582617
Lppos,0.009519135485386628,0.9984974929035302
Plekhm3,0.009494859834547937,1.0
H3f3a-ps1,0.00949360994962142,0.9143445547937712
Nmb,0.009490587575431059,0.6941998358727699
Rab24,0.009465297880786523,0.5771099616381741
Chst12,0.009400864008567352,0.7364870070990989
Ypel2,0.009363456765856698,1.0
4930434F21Rik,0.009361971053080332,1.0
Cgnl1,0.00927383900280123,1.0
Ppp2r1a,0.009269295287199516,0.9530207082609887
Fndc7,0.009264532529504552,0.9640882547984261
AC156568.1,0.009231705708319696,1.0
AC154838.3,0.009164279578875728,1.0
Scn8a,0.009148133620969489,1.0
Ccdc3,0.009132578289138151,0.10325425029633027
Gm10457,0.009037253209403797,0.6830521605729156
Gm11290,0.00898996275452982,0.35139592358234234
Gm4219,0.008932176575296413,0.9515578520133947
Rasgrf1,0.008922838315154558,0.48111638619085206
Lrrc39,0.008887337395433426,0.9374673885101513
Pax6os1,0.008828927707486153,0.38314417872347006
Gm4943,0.008816240852154536,1.0
Id4,0.008755039791121732,1.0
Fbxo18,0.008754245922496077,1.0
1190007I07Rik,0.008716674585429317,0.23941895629303994
Phf7,0.008674841842163442,1.0
AC131178.1,0.00865074841722862,0.7571163680204275
Gm16541,0.008610772441650488,1.0
Ptbp1,0.008578759230197746,1.0
Ankrd35,0.00855227191516085,1.0
Pdgfrl,0.008533793671696896,0.8080879620082322
Fam189b,0.008490308750847827,1.0
AC152946.3,0.008464244574456829,1.0
Gm23063,0.008433582730477151,1.0
Caprin2,0.008426005803360498,1.0
Gm45332,0.008405096972619982,1.0
Tubgcp6,0.008401431246868905,0.7961557710093693
Serping1,0.008393184817636878,0.885838351113496
Gm12589,0.008338328087268487,0.5321013088432069
Rapgef4,0.008311681097603824,1.0
Trappc6b,0.008185765135632158,0.9640882547984261
Alyref2,0.008177645478085303,0.7832298200679544
Gm19951,0.008162620499626422,0.9992064245423963
Kcng3,0.008148088118150475,0.8769284080239653
Gm33180,0.008135851245095747,1.0
Scnn1a,0.008110385371381658,1.0
Pde9a,0.0080955148333699,1.0
mt-Tf,0.008058681650847698,0.8876740864543985
F3,0.008026707111390271,0.13301325931869692
Gm16061,0.008023632224232762,0.47184416108024796
Gm13498,0.007945098749739211,0.2745671116009281
Sh3bp4,0.007802928439433965,0.5641012719595225
1810030O07Rik,0.007760802545495227,0.8854136842872756
Prodh,0.007759629592070209,1.0
1810043G02Rik,0.007751592947371491,1.0
2900009J06Rik,0.007708271496628511,0.7646310671608473
Hook1,0.007564523624705394,1.0
4930567K12Rik,0.007531128037423822,0.005285936852224144
Gm26750,0.007462773503798069,1.0
Gm14539,0.007449673180953135,1.0
Abraxas2,0.00744795839641231,1.0
4930597O21Rik,0.007444992597782346,0.885838351113496
Cyp2j12,0.0074434262059066515,1.0
Gm38037,0.007377136723287957,1.0
1110032A03Rik,0.007372203493932856,0.718181113903676
AC159376.1,0.007318820600305841,1.0
Gadd45b,0.007305496401978654,0.7145044742563488
Gm26688,0.007302285661508052,1.0
Zfp930,0.007298466064218145,1.0
Tti2,0.007268762776963509,0.8207112022837881
Ccser1,0.007267402934039379,0.3235596284317526
Rcan1,0.0072609932784265365,0.8208703882032298
AC124555.1,0.007189752993403294,0.18697777315694122
Hist1h1a,0.007177244720731312,1.0
Proc,0.007165268958811842,0.9233036586683036
Chac1,0.00715101344800666,1.0
Mdga2,0.007088482873259763,0.8860162380698844
Ppef1,0.007069698689077926,1.0
Otoa,0.0069365592590185645,0.3532760584930144
1700066B19Rik,0.006923824277865788,1.0
Piwil2,0.006896556771583081,0.4458387578708109
Serpine1,0.006858047039412718,1.0
Gba2,0.006828292249183448,0.9374673885101513
Mylk4,0.006750558135487714,1.0
Gm37291,0.006750350213011608,1.0
Tmem267,0.006727162661313883,1.0
AC159301.1,0.006723342179145953,1.0
Gm10548,0.0067047700437598045,1.0
Gm6382,0.0066832004641910045,0.6879228757690566
Spint2,0.006665248593884658,1.0
Tmem202,0.006553161002536803,0.8364435611206286
Gm7289,0.0064723952415816285,0.933593679225248
Gm12796,0.0064045705387052445,1.0
Zfas1,0.006393266020531696,1.0
Tmem205,0.006330704757322339,0.6130657197822176
Gm11810,0.006303815353134542,0.8819820980266003
Cfap69,0.006298350229829684,1.0
Gm4755,0.006260264967205131,1.0
Gm12947,0.006193059696516553,0.7170258145760753
Gm20628,0.006182001940279177,0.8496817039207991
Man2c1os,0.006154567882393114,0.9984974929035302
Gm4968,0.0061425594457838505,0.5055055464382533
Hcn3,0.006142090714756604,0.7946153509391695
Tex21,0.006139040168001123,0.8198631418962262
Tgm2,0.006110530573767589,0.6224520918855887
Setmar,0.006099898863859643,0.9486734670896907
Rps12-ps7,0.006093659021182266,0.9760985743172691
Tmbim7,0.006079675318469189,1.0
Gm37676,0.006036866807762046,0.5199574094991168
Lnx1,0.006027652384015143,1.0
Smim14,0.00585576607681037,1.0
Gm20560,0.005852391930361263,0.6886748434587922
Cog8,0.0057631714617538575,0.6079137469811247
Cacng2,0.00575597235295136,0.6879228757690566
Chchd2-ps,0.005708858863018793,1.0
Nat9,0.005704462777114489,1.0
Ppil6,0.00568250407952674,0.8696260215672226
Tnr,0.005650940379590634,1.0
Rps12-ps4,0.005636659509256285,0.952596675269642
Gm19325,0.005559418971398604,0.9468577552480792
BC065403,0.005548709844124168,0.9699070727635088
Zfp830,0.005440164481011012,1.0
Gm6261,0.005379913976678104,0.7081398959446077
Tssc4,0.005304144687873251,0.3724035791979629
Gm12025,0.005261454763393559,1.0
4921507G05Rik,0.0052574020972200345,0.734523983622303
Peli3,0.005229985390004785,1.0
AI182371,0.005103330874870019,1.0
Gm7082,0.0050757330858553435,1.0
Hspa1b,0.005075029440575775,1.0
Atp8b5,0.005046272786050697,1.0
Pinlyp,0.005027988120157177,0.09862734165236287
3830417A13Rik,0.005019368063614294,1.0
Gm9294,0.005003691613851437,1.0
Sin3b,0.004977877562203327,0.7051579021946012
AC158232.1,0.004962381351252323,1.0
Rps15a-ps8,0.004845214714603256,1.0
Gm43780,0.004787365093365963,0.7385934890308566
2810455O05Rik,0.004739328317790851,1.0
Gm18300,0.004732883449887661,0.7845101348800274
Tfec,0.004727919929833536,0.3352167577896152
Gm26617,0.0046647150964076135,0.9159383905989206
Pkp3,0.00454691222429482,0.869873636395469
Dnm3,0.004429807263715961,0.9898262205355566
Gm7135,0.00442834464419723,0.6330605617786499
Cep78,0.0044159773911603036,0.929344176352998
Tmem170,0.004415209632826682,0.929344176352998
1700020G17Rik,0.004334810861044292,1.0
4932431P20Rik,0.004259229954192297,1.0
Nudt2,0.004228805448761075,0.93180181951754
Defb41,0.0042081227956245046,1.0
Gm36283,0.004173311369605491,1.0
Stpg2,0.004131157709430327,0.9154410135549989
Gm15929,0.004130961186634762,1.0
Plcxd3,0.0041271880469759435,0.8041423606908822
Gm38160,0.004104039898077009,0.7609574926646989
K230015D01Rik,0.004032345555365288,1.0
Hpgds,0.003960140926091929,1.0
Gm26772,0.003945341525440943,1.0
Stox1,0.0038915824077195467,1.0
Liph,0.0038703185009948808,0.9785697141018772
Gm26559,0.0038099363111767297,1.0
Pde6b,0.0038097041708701766,0.910450060492602
Olfr1318,0.0037710434547291952,1.0
Sap18,0.0037555891712036864,1.0
Gm14138,0.003728709517928898,0.9522699539183246
1810059C17Rik,0.003718929212068432,1.0
Zfp334,0.003707794001511465,1.0
Foxp1,0.0036983007507712024,0.5641012719595225
Gm15614,0.0036540646836676085,1.0
E230025N22Rik,0.0036398568980751237,1.0
Gm28652,0.0035629669725499667,1.0
Pde3b,0.0034595839627966055,0.37423639282948007
AC124426.2,0.003426370035553844,0.43610331182569595
Dlx2,0.0033595820211231794,0.686201430353024
Gm28055,0.003351945592207977,1.0
Rptoros,0.0033089276672967015,0.885838351113496
Gm29585,0.003300298641752245,0.9281716840124388
Jam3,0.0032686767215630345,1.0
Odf4,0.0032634824967740493,0.718181113903676
CU074400.1,0.003235433354890812,1.0
Samd9l,0.003201323174659504,1.0
Gm14571,0.003191281254109881,0.8496817039207991
Slc35e3,0.0031512620191999088,0.6323411848327851
Hs3st1,0.003116747715034678,1.0
Trmt5,0.0030979068988222524,0.08651187193962079
Gm13818,0.0030976351052544476,1.0
Parp14,0.002996012110446805,1.0
Gm12338,0.0029731402011104334,1.0
Dcc,0.0029277720007127323,1.0
Ankrd24,0.0029235861712521988,1.0
Arl8b,0.002921500976063359,1.0
Edem2,0.0028461584957230695,0.6693438886886084
Gm36298,0.0028330930001193113,0.6930529398925651
Acot11,0.0028114472937757896,1.0
Gm45251,0.002806808184478208,0.933593679225248
S1pr2,0.002797307775721056,0.8375752542759276
Bnip1,0.002795478491628215,0.6879228757690566
Gm16045,0.0027923973740693483,0.10315765598394094
4933421O10Rik,0.0026888965839603324,0.7466491934571129
Tmem150c,0.002667298824113585,1.0
Gm15536,0.002551580121859837,1.0
Mfsd9,0.0024188495883542215,0.8556519108696694
Gm27162,0.0023990719408341623,1.0
Zfp2,0.002397202020164774,1.0
Tm7sf3,0.002393278661569301,0.3861364297373462
Arhgef10l,0.002387038945816593,0.7551230348488045
Fosl2,0.00237160638882891,0.9785697141018772
C130013H08Rik,0.0023492779463140426,1.0
Asgr1,0.00232477176747398,1.0
Nlrp4c,0.002288353776676997,1.0
Inpp4b,0.0022683225451156177,0.718181113903676
Fgf20,0.002254191804369544,1.0
Lrrc51,0.0022410181361919314,0.970987956728977
Arnt2,0.00221706793102659,0.910450060492602
Gal3st2,0.002210126939674492,1.0
Gm12091,0.002191192383480234,0.9558675550433483
AC079680.1,0.0021889617567365607,0.8207112022837881
Cd59a,0.0021696647547267836,1.0
Gm14892,0.0021281910831486375,1.0
Gm18119,0.0020609628592249884,1.0
2500002B13Rik,0.0019970293307685102,1.0
Camta2,0.001989033476125355,1.0
Gm11336,0.0019853102319603885,0.995786011966415
Stmn3,0.0019213487942785741,1.0
Gm12353,0.0019008334241924884,1.0
Olfr1189,0.001891860808545678,1.0
1700030F04Rik,0.0018917076825290188,0.3510479780886527
Mgp,0.0018871527229067618,0.01668426158796444
Slc23a1,0.0018618506260245072,0.9670438290095941
Gm31518,0.0017860142185628796,0.292165676537359
AC164565.1,0.0017736738449318525,0.23273515014348486
Gm14064,0.0016634849590025447,1.0
Sytl3,0.001641755528592344,0.8556519108696694
Fem1a,0.0016106265470720868,1.0
Zfp869,0.0015343112271590774,0.993602906539985
Hmgcll1,0.001507301627880791,1.0
Wdr38,0.0014251171166246926,0.9850547024861768
Srpx2,0.001409985849629726,0.28733937811914056
Cacnb4,0.0013934171525993792,0.9143445547937712
Hook2,0.0013419999955016334,1.0
Gm45860,0.001334861243973734,1.0
Ccdc34os,0.001330901777784197,0.7272534403104387
Gm44686,0.0012490867943023814,0.9682352102374949
Adap2os,0.0012073889884992282,1.0
Mfsd2a,0.0012003237711931704,0.6221031732208048
Gm26848,0.001129134026344586,1.0
1700122E12Rik,0.0011283398794059638,1.0
Glipr2,0.0011061958592848396,0.7365260601286008
AC154592.1,0.0010521595799435177,1.0
Pik3ip1,0.0010120508200549515,1.0
Gm8435,0.00100761661289057,1.0
Abcc6,0.0010063525596729368,1.0
Cep95,0.001004863611630964,0.010984392400306043
2310001H17Rik,0.0009391421774871267,0.5771099616381741
AC134328.1,0.0009251185728626418,0.8260781936971712
Anp32a,0.000920924011649458,0.19859723634976892
Gfod2,0.0008847710938913716,0.9670438290095941
AU019990,0.0007913298897025666,0.8939698087806931
Gm10288,0.0007844941888860693,0.82125123363883
Gpank1,0.0007659272531273763,0.8198631418962262
AC154452.1,0.0007425250426514851,1.0
9030624G23Rik,0.0007385645509871824,0.7963732075930118
Gm10138,0.0006675235426302981,1.0
Adam2,0.0006323454510893106,0.686201430353024
Txndc15,0.0005366635122809209,0.8695122453273402
Polr1b,0.0005152870253040793,1.0
Il2,0.0004702209985591281,1.0
A330035P11Rik,0.00046417529468896924,1.0
Cys1,0.00043858539266968384,1.0
Cdh19,0.0004261763537851029,1.0
Cnga1,0.0003891267262267897,1.0
Fhl1,0.0003871064999809174,1.0
Ldb3,0.0003747543079753209,1.0
Ccdc74a,0.0003669893829716115,1.0
Gm12516,0.00032828827895367156,1.0
Pappa,0.0003225684742385341,1.0
Serpine3,0.00030300950260030217,1.0
1700018B08Rik,0.00023654395560975447,1.0
2900093K20Rik,0.00017657725805209543,0.7963732075930118
Brinp3,0.0001718342428411688,0.9079781114178848
Gm7065,0.00016617128308840106,1.0
Gm29292,0.00011212689052727057,0.718181113903676
AC166902.2,8.250760175012965e-05,1.0
Cul4b,7.678914977049909e-05,1.0
Gm30934,4.552497855581095e-06,0.9563494321454451
Gm2467,-1.8286997203541266e-05,1.0
Smc1b,-2.8316279798591e-05,0.8142534626530472
Cntnap2,-5.6829159120534885e-05,0.9465094419038732
Gm8009,-6.26791648839781e-05,1.0
Dok3,-8.937342087566846e-05,0.1460873735917138
Mapk10,-0.0001084751519217422,1.0
Olfr889,-0.00011092843282697999,1.0
Zfyve1,-0.00011366215321122602,1.0
Rpl9-ps7,-0.00016198226774740616,1.0
Zdhhc16,-0.0001838204358565066,1.0
Frs3,-0.000195998921700079,0.8892618968628675
Csrp1,-0.00024166148216381417,1.0
Sh3d21,-0.0002880653156211006,1.0
Spag16,-0.00032564689362685136,0.410086502787337
Abhd15,-0.00034362004654932515,1.0
Gm27042,-0.0003963812914717776,0.78058813358887
Rbx1-ps,-0.00042647702289349995,0.7627773491294735
Gm15031,-0.0005006279012362049,1.0
Zfp286,-0.0006082325252282743,0.9968721730751583
Ankrd39,-0.0006464156305106763,0.6333129662193286
Gm6109,-0.0006794257858309937,1.0
Gm13842,-0.000701953550666828,1.0
Tmem241,-0.0007322644755260928,1.0
2310010J17Rik,-0.0007625917351516617,1.0
P2rx7,-0.0008934135640545476,0.6276123471173858
Ipp,-0.0010095160991754192,1.0
Gm43824,-0.0010127254499744363,0.7513957034999061
Uap1l1,-0.001040475801365024,1.0
Disp2,-0.00107101571842513,0.9311968506919736
Gadd45g,-0.0011134218419452478,0.923700997989247
3830403N18Rik,-0.001136868187353611,0.9023056798314115
Gm9081,-0.0011586814010954658,0.8834539056881624
Rbl2,-0.001227438499541371,1.0
AC192333.3,-0.0012299525171755967,0.9942446416260393
2410012E07Rik,-0.0012831693272950496,1.0
Rpl18a-ps4,-0.0013101153479495812,1.0
Gm15148,-0.0013309381053289795,0.9522699539183246
Mei4,-0.0013387433550197654,0.952596675269642
Tmeff2,-0.0013653825455012935,1.0
Gm37770,-0.001392274753077274,1.0
C2cd2l,-0.0014004128921188807,0.9197158760567158
Gm29736,-0.0014249203968019477,1.0
Zbtb11os1,-0.0014350271383647252,1.0
Fads2,-0.0014563728567167182,1.0
Gm13963,-0.0015972789462074428,1.0
Nthl1,-0.0017231406060215504,1.0
Fcgr1,-0.0017643067993032904,1.0
Ttc25,-0.00177340620055864,0.82125123363883
Rpsa-ps12,-0.0018093916429157899,1.0
Gm9644,-0.0018240628066292484,1.0
Cdh12,-0.0018567344099796703,1.0
AC102582.1,-0.001868492674433853,1.0
Tmem116,-0.0019840249120977997,0.5307313073004364
Gm43472,-0.001990833464483577,1.0
Abhd1,-0.002047470474518943,0.8563221106890002
Gm20541,-0.0020569759063499564,1.0
B230217C12Rik,-0.002117572095988736,0.9522699539183246
Gm46209,-0.0021787043190856837,1.0
Frmpd3,-0.0021860122840830216,1.0
Gm5620,-0.0021957892695338888,0.93180181951754
Gm12865,-0.0022459464292799835,1.0
Bbc3,-0.0022967332705343055,0.707097370684437
Gm14212,-0.002329155489550968,1.0
AC142191.1,-0.002343728514200056,0.4586861003675718
Rpl19-ps9,-0.00235257585114385,1.0
5033421B08Rik,-0.0023638193676519623,1.0
Gm13359,-0.0023796871511737277,1.0
Gm8606,-0.002454071638149023,0.7927158175344857
Gm26910,-0.0024767553283265606,1.0
Rcan2,-0.0025039501777070158,0.8071708162236257
AC155167.1,-0.002512769159939769,1.0
Gm16552,-0.002514386186445544,1.0
Afp,-0.0025488058007142665,0.8589215318867499
Cyb5d1,-0.002568175200682029,1.0
Flt3,-0.0025795641871669,1.0
Cntnap5b,-0.0025894189908597432,1.0
1700003F12Rik,-0.002618865383492576,1.0
Olfr56,-0.0026613125491508328,1.0
Fbn2,-0.002663369229388345,1.0
Gm10237,-0.002681353932666648,1.0
Gm31243,-0.0026932470770646578,1.0
Gm44511,-0.00271973217639924,0.43195459143237824
Plp2,-0.0027510581692322526,0.5872321301304766
Ids,-0.00275662058355729,0.9607298221249752
Gm13268,-0.002768889504757087,1.0
Zfp976,-0.0027708445764447263,0.9374673885101513
Gm43158,-0.0028293984309034543,0.6732487612383455
Gm14277,-0.0028465944993104953,1.0
Snx32,-0.002859726080718544,0.6332159034276595
Gm43552,-0.0028637486079682167,1.0
Rps15a-ps1,-0.0028787600955915258,1.0
Nemp2,-0.002892013446179635,0.8321288755255629
Fbln1,-0.0029082652070157905,1.0
Pck2,-0.002934034330133662,0.9748889316402255
Rassf3,-0.002947383142047335,0.5055055464382533
1700028P14Rik,-0.0029604766475387775,0.9374673885101513
Grin1,-0.0029622344365056335,1.0
Gm15738,-0.0030525515791661774,1.0
Pde8a,-0.0030755706273204544,1.0
Gm5905,-0.0030778246919978655,1.0
Gm26619,-0.003092061620081424,1.0
Gm6607,-0.003112230248276031,1.0
Mdga1,-0.0031265982645072685,0.7559799174954392
Gm9755,-0.003142805394868544,1.0
Eif4a-ps4,-0.0031661579661639047,0.9522699539183246
Gm12607,-0.00318022427538291,0.9208218742096818
Ap1s2,-0.0031813660247437107,0.6070180757557028
Trim14,-0.0031904315091406247,0.43882317972849105
Uqcrh-ps1,-0.00320475103421416,0.5469179891339532
Mettl7a1,-0.0032518763320404094,1.0
Slc1a1,-0.0032572066205828177,0.5409517751192426
Sgce,-0.00329825470331584,1.0
Rps15a-ps2,-0.003330674033849259,1.0
Gmpr2,-0.003360381240259181,0.2206349699338893
Gm3272,-0.0034042493037303406,1.0
Gm46404,-0.0034176167266336648,1.0
AC161383.1,-0.0035624320515402377,0.5962437478294396
Gm11922,-0.0035728939317384543,1.0
Aspn,-0.00358345166351153,1.0
Tdpx-ps1,-0.003619077741528042,1.0
AC166352.1,-0.0036433000408138357,0.8834539056881624
Lancl2,-0.0036501359231967943,0.9079781114178848
Gm26670,-0.0036758431125944895,1.0
Gm12936,-0.003676729749617943,1.0
Dhodh,-0.0037175779112090506,0.9167394341141604
4930431P19Rik,-0.0037640776918599745,1.0
Gm35188,-0.0037645150083078457,1.0
CT010486.1,-0.0037664627346999254,1.0
AC123665.2,-0.0037783520096523067,1.0
Gm9750,-0.0038234236602574883,0.9760985743172691
Gm12176,-0.0038332092856433464,1.0
Gm3800,-0.0038345757073527977,1.0
Gm17911,-0.0038662467820511554,1.0
Chst3,-0.003910310782970777,1.0
Folr1,-0.003933663387903608,1.0
Platr14,-0.003967545115681976,1.0
Rtkn,-0.004046223359905419,1.0
Mif-ps7,-0.004048492536733673,1.0
Col26a1,-0.004068595962056289,0.7191180687845758
Spg11,-0.004081930967974483,1.0
Il17b,-0.004082278146399803,1.0
Cth,-0.004095346582446597,0.6961784710277166
Hdac11,-0.0041284082790795625,1.0
Vamp7,-0.004160520454916611,0.6504319092622465
Gm7860,-0.004163293181741788,1.0
Klhl1,-0.0042265377292657925,0.9760985743172691
Ier3,-0.004315315673335367,0.5147701853230257
Gm12501,-0.00433031353538742,1.0
Gm6218,-0.004350247188412414,0.9443857116296366
Caps2,-0.0043714972231368885,1.0
Gm40652,-0.0043899865321770795,1.0
1810024B03Rik,-0.004427865746964742,1.0
Mapk1ip1,-0.00442790907551171,1.0
Crispld1,-0.0044865138844218415,1.0
Acacb,-0.004497785514562982,1.0
Gm21893,-0.004506595114794229,1.0
Ccdc90b,-0.004569369017194788,0.6886748434587922
Gm4149,-0.0045835205827700854,0.9208218742096818
Ccdc63,-0.004585481593740195,0.9374673885101513
Gm13544,-0.004673461532632074,1.0
Chchd5,-0.0047393547718536854,1.0
Macrod1,-0.004765384718843202,0.7521467684990081
Gm4691,-0.004789360765978049,1.0
AC154738.1,-0.004801853537220177,1.0
Apln,-0.004825073521767321,1.0
Wdr37,-0.0048511296756224365,0.8892618968628675
Pqlc3,-0.004864767194013439,0.9134134864061544
Cetn4,-0.004917684257991916,0.6338684646780264
Gm3788,-0.004928844938476124,1.0
Gm8722,-0.004942260996952414,1.0
5730409E04Rik,-0.004948591382343052,1.0
Gm13586,-0.00497646026534202,1.0
Cdh1,-0.004981685542337424,1.0
Gm20634,-0.005013011699546475,1.0
Cecr2,-0.005068497953670596,1.0
Rpl17-ps4,-0.005149935366895244,1.0
1700010K24Rik,-0.005182443491472421,0.8473222231234043
1810019N24Rik,-0.005183294537761941,1.0
Rnf225,-0.005231216714365344,1.0
Gm5449,-0.005247502549448377,0.9023056798314115
Trp53inp2,-0.005265463780715599,0.9486734670896907
Slc17a9,-0.005340972793316724,0.9646417212664313
Ap1m1,-0.005378432123807377,0.9558675550433483
Arhgap4,-0.005398935371128563,0.8978584849002208
Zfp850,-0.005437272136904414,1.0
Pde7b,-0.005454040649911181,1.0
Chchd10,-0.005506573599927741,1.0
Isg20,-0.005578826614012823,0.9153415081959895
1700073E17Rik,-0.005589311443750256,1.0
Gm6867,-0.005674243986858544,1.0
Majin,-0.0057534148756041474,1.0
AC107453.3,-0.005767316332460336,0.7521467684990081
Dnah7a,-0.005767473444875253,0.6685191388469999
Slc25a28,-0.005770958974926278,0.8262958425128487
2500004C02Rik,-0.005798980045460926,0.3510479780886527
Gm7432,-0.005805178102072125,1.0
Marcksl1,-0.00582911172930942,0.948014297365526
Cfap74,-0.005898402697038274,1.0
Nebl,-0.005907521024847256,0.9333084589972858
Parp6,-0.006008380820964579,1.0
Mtfmt,-0.0060220746166577965,0.718181113903676
Rpl15-ps1,-0.006030701548749798,1.0
Gpt2,-0.006050050799500509,0.929344176352998
Gm17060,-0.006079916548046992,1.0
Mgst3,-0.006098692197564076,1.0
Gm20458,-0.0061225603564664804,0.40928699113989697
Gm26991,-0.006125009473881341,1.0
Gm9379,-0.006181272650384532,1.0
Alox12,-0.0061974851623052265,1.0
Gm5426,-0.006231560667914576,1.0
Spon2,-0.006275991048847515,1.0
Entpd6,-0.0062975010433536935,1.0
Slc2a10,-0.006310033972892456,0.8832523989441309
Gm11205,-0.006351873322563162,1.0
Gjb5,-0.0063695417746779835,1.0
Duxbl1,-0.0064404012534434564,1.0
Gm11437,-0.006459892841027044,0.885838351113496
Gm14681,-0.006471448839495686,1.0
Gm26786,-0.00647901144573292,0.6416626434583873
Gm37065,-0.006481702738462689,1.0
Them7,-0.0065038011949705744,1.0
Tgds,-0.006517294011421755,0.906559241051588
Selenow,-0.006542368004448437,0.952596675269642
Taf7l,-0.006558667497330789,1.0
Prl2c2,-0.006559665983588764,1.0
Slc25a30,-0.006566658329976958,0.6254737020604807
Cd164l2,-0.006567035115082595,1.0
Pja1,-0.006593611646134816,1.0
Armc3,-0.006597679770943123,0.6067586768599367
Ube2z,-0.0066031660421598205,1.0
Gm10058,-0.0066194495761608164,1.0
Rufy2,-0.006633759808645054,1.0
Gm8267,-0.006657379998956913,1.0
Bpifc,-0.00666469826730845,0.8321288755255629
Fhitos,-0.006665830126592676,1.0
Plk2,-0.0066770062932009775,0.910450060492602
Gria1,-0.006731387856884076,1.0
Zfp382,-0.006831930695927882,0.7272425918715012
Sart3,-0.006954405429812946,1.0
Hspa12b,-0.007003174482905439,0.9012267475109871
Cpn1,-0.00702596329413563,1.0
Zfp595,-0.007043328382374171,0.929344176352998
Zfp943,-0.007072629546522155,1.0
Rps6-ps2,-0.00719488075561461,1.0
Gm6794,-0.007204505320262726,1.0
I830134H01Rik,-0.0072311934174723175,1.0
Spag6l,-0.0072586511189869475,1.0
Natd1,-0.007345312895711925,0.9143445547937712
Rps26-ps1,-0.007346182841745516,1.0
Gm5637,-0.007412255867175907,1.0
Gm14044,-0.007440798115467162,1.0
Pfkfb4,-0.007451799873721841,1.0
Cdpf1,-0.007491669714805062,0.9530207082609887
mt-Ta,-0.0075093191462774584,0.6879228757690566
Pih1d1,-0.007550342090911971,0.7364870070990989
Gm17771,-0.007551110353926572,0.10457897945451448
Rpl30-ps2,-0.007553853428785451,0.5307313073004364
AC122428.2,-0.007558979944126006,1.0
Clec4d,-0.007587338760759482,1.0
Mypop,-0.007588256577248361,1.0
Six1,-0.007643880151021011,0.9854376531826828
Gm45447,-0.0076760110223024645,0.7551230348488045
Coq9,-0.007721216171927495,0.04465154693979768
Ptges3-ps,-0.007722435263421628,1.0
Vwa3b,-0.007727366476976842,1.0
Smpdl3b,-0.007822155815104327,1.0
Pced1b,-0.007822668346041105,1.0
Gm5535,-0.007838218043191857,1.0
Gm7539,-0.007867335644471786,1.0
1700056E22Rik,-0.007875062942820444,1.0
Pde11a,-0.007886756860862843,1.0
Zfp385c,-0.007936685327007061,1.0
Adh7,-0.007985370622664044,1.0
Gm7611,-0.008014197648384385,1.0
5730522E02Rik,-0.008032945656737659,1.0
Prkab1,-0.00806291829559758,0.42295634509981456
Nsun7,-0.008071577619368862,1.0
Spock2,-0.00812920007314936,1.0
Gm42729,-0.008222124493714783,1.0
Zfp335,-0.008222888457057978,1.0
6530409C15Rik,-0.008231742111279652,1.0
Ido2,-0.008243474652978602,1.0
Gemin2,-0.008288230836145535,1.0
E530011L22Rik,-0.008305010064671782,1.0
Gm26881,-0.008317633054366202,1.0
Armc4,-0.008322385152846208,1.0
Ceacam1,-0.008354034411576056,1.0
1700055D18Rik,-0.008485815874937195,1.0
3632454L22Rik,-0.008496451259713851,1.0
Gm8960,-0.008555341183838591,0.9943901529273358
Ttc33,-0.008577074912159801,0.7963732075930118
Gm9673,-0.008580668029325502,1.0
Hid1,-0.008635558336695189,1.0
mt-Tp,-0.008648670297858768,0.33696758628197176
2310014F06Rik,-0.008663935295676979,1.0
Gm9167,-0.008673632102795757,1.0
Gm11033,-0.008748709854774306,0.6961784710277166
Ncmap,-0.00880556352012296,1.0
Hist2h2ab,-0.00882660205721196,0.8639369840869169
Rpusd1,-0.00884267989682242,0.8457307441065868
Il18rap,-0.008896587405241884,1.0
Tslrn1,-0.008928011057896512,1.0
Gm28727,-0.008936449348566088,1.0
Slc44a4,-0.00898668028865431,1.0
Mars,-0.00903743149579587,0.4329451179468959
Tesmin,-0.009053199335249477,1.0
Gm12631,-0.009083043666958952,1.0
Plp1,-0.009096580922351447,1.0
Rps6-ps1,-0.009097001376215929,0.6930529398925651
Suox,-0.009107566290764457,1.0
Myo1a,-0.009126889851639505,1.0
Aldh16a1,-0.009142344262983793,1.0
Gm26770,-0.009228727628904265,1.0
Prkd3,-0.009264490848669885,1.0
Ttll12,-0.009381681790914455,1.0
Cnga3,-0.009382042743246015,1.0
Plekhn1,-0.009385947987303227,1.0
Gm3508,-0.009413183846724016,1.0
Nwd1,-0.009432568279476026,0.9599206659481201
Gm44336,-0.009432739160078847,1.0
Rpsa-ps4,-0.009496165109650486,1.0
Rs1,-0.009585808242724118,0.9670438290095941
Gm5300,-0.00984944227883927,1.0
Gm5446,-0.009894081890947261,1.0
Cd53,-0.009898174727261646,1.0
Spag1,-0.009902813625959626,0.952596675269642
Sod3,-0.009985963470421159,0.2958239447850908
6330411D24Rik,-0.009992524070682284,1.0
Gm5406,-0.010118179115027406,1.0
Ttc38,-0.010152513792554935,1.0
Palld,-0.010155522864504472,0.8892618968628675
Gm11645,-0.010202634625852561,0.7628867813527348
Gm39302,-0.010203429236806233,1.0
Mllt1,-0.010214584069860857,1.0
Lrrc20,-0.010273165377366668,0.8133517133321853
Gm26904,-0.010275095016953997,0.885838351113496
Gm11185,-0.010289541204422341,1.0
AC161172.1,-0.010309871184987152,0.7551230348488045
Gjb3,-0.010330333246396279,1.0
Rpl21-ps8,-0.010331064845507042,1.0
AC107452.3,-0.010362696421135983,1.0
Rwdd3,-0.010371946881426168,0.8503509223459392
Vangl2,-0.010406170334629507,1.0
Gm5210,-0.010414635854836549,1.0
Hoxa1,-0.010428798037342665,0.9465094419038732
Ptcra,-0.010482130402796318,1.0
Snhg10,-0.010527564528244486,0.9984974929035302
Pdhb,-0.010530588051486309,0.9249617257054293
Snhg7os,-0.010566951389808675,1.0
Gm12165,-0.010602291192092399,1.0
Gm8091,-0.010623716484027096,1.0
Serpina1a,-0.010632554154868953,0.8681985377511391
AC132344.1,-0.010660679665165396,1.0
Ckmt1,-0.010674419599053436,1.0
Clnk,-0.01070371771634006,1.0
2410022M11Rik,-0.01072677715441471,0.8029557357755427
AC123665.4,-0.010772847748970677,1.0
4930556M19Rik,-0.01078730873145343,1.0
Gm7695,-0.010842111517452515,1.0
Tmcc3os,-0.010899354480672988,1.0
Itgb3,-0.010943667475476522,1.0
Gmcl1,-0.01102913703256068,1.0
Rps10-ps1,-0.011070450567348471,1.0
Gm19810,-0.011098600648748005,0.8496817039207991
Skida1,-0.01119604908180787,0.9374673885101513
Gm36985,-0.011214284124704163,1.0
Gm45051,-0.011297656831319733,1.0
Fdps,-0.011301067502071807,1.0
Gm13056,-0.011314307374793506,1.0
Gm2479,-0.01132755472798506,1.0
Gm17529,-0.011341670666665166,0.9616786161739546
Cxcl1,-0.011381836027843205,0.9785697141018772
Setdb2,-0.011393920403620668,0.929344176352998
Mtus2,-0.011461028520643943,1.0
Ildr1,-0.01146390587662983,1.0
Gm26713,-0.011468912610465181,0.929344176352998
Gm15289,-0.011517652236919371,1.0
Rtp4,-0.01163405939267923,1.0
Pkp1,-0.011668046059629998,1.0
4930417O13Rik,-0.011673619945634919,1.0
Snhg20,-0.011740405113253652,0.7908656735202548
Zfp788,-0.011759989101258368,1.0
Hsd17b14,-0.011781936192427222,1.0
Gm12034,-0.011794765312507198,1.0
Inca1,-0.011808544783664292,1.0
Acy1,-0.011863526938314259,0.8321288755255629
Clec1a,-0.011884672403466343,1.0
Unc45b,-0.011885916722380326,1.0
Gm40117,-0.011944346263688533,0.9599931072479886
Gm4756,-0.011953655323054651,1.0
E430018J23Rik,-0.012064010538237524,0.9194957831224031
Pde6c,-0.01208510969308503,1.0
Gm10516,-0.012086375787921053,0.9153415081959895
Gm40323,-0.012087425026958446,0.9565169014790514
Zg16,-0.012219371550856973,1.0
AC139845.1,-0.012307080679457632,1.0
Hscb,-0.01232126697206138,1.0
Gm43948,-0.012324466618425988,1.0
Uxt,-0.012329052005426416,1.0
Dnah12,-0.012380117984597887,0.7466491934571129
Cul9,-0.012391884307485083,1.0
Gm11483,-0.012626176396365341,0.929344176352998
Rnf25,-0.012638145561817362,0.9383676087450706
Fam227b,-0.012644219552126983,0.9962620013247907
Gm15159,-0.012662680937740466,0.7890575195700431
Cry2,-0.01282499859354877,0.9519419169375392
Dtnbos,-0.01290868094904487,1.0
Mier2,-0.012989116788217679,1.0
Spink5,-0.01299382634383268,1.0
Sept1,-0.013003703111120245,0.718181113903676
Aatk,-0.013030243775561346,1.0
Trmu,-0.01303538989524882,0.8860162380698844
Pcx,-0.013037082232702427,1.0
Gm5764,-0.013038261093771574,0.40543653017560327
Gm28845,-0.013056389287037957,1.0
Poli,-0.013065173507307374,1.0
Gm38155,-0.013133576402551111,1.0
Tor3a,-0.013182982400363146,1.0
Gm2214,-0.013183247011648394,1.0
Sh3bgrl2,-0.013188051529750262,0.9465094419038732
Gm4134,-0.01320030332262026,1.0
Tubb2b,-0.013200642280827618,0.885838351113496
Rabggta,-0.013252599344776286,1.0
Cmya5,-0.013410008024044977,1.0
Vps53,-0.01342464324959842,0.957664116093174
Gm13196,-0.013507791803281294,1.0
Nlrp4e,-0.013519589262032205,1.0
Gm14304,-0.013553840314429057,1.0
Gm21847,-0.013567600943637683,1.0
Nlrp1a,-0.013580902499845974,1.0
Atg10,-0.013631398584039632,0.7364870070990989
Rpl22l1,-0.013667278260209576,1.0
CT033774.1,-0.01372730915556952,1.0
Gm2178,-0.013742469543768038,1.0
Gm5687,-0.013749780367663708,0.617734899642195
Gm15401,-0.01375926873363679,0.8892618968628675
Gabrb1,-0.013765628840363192,0.6879228757690566
Glra1,-0.013858496023350686,0.760343525489329
Gm37245,-0.013977506930871806,1.0
Olfr872,-0.013988291319740519,1.0
Gm10120,-0.013989754427663573,1.0
Neb,-0.01404908454599648,0.718181113903676
Gm15938,-0.014074271487576305,0.7364870070990989
Dnajc12,-0.014079040950688954,1.0
Gm26983,-0.014087003526113301,1.0
Rpsa-ps10,-0.014089286413096208,1.0
Gm26799,-0.014095089966167214,1.0
Gm12901,-0.014147959086845319,1.0
Ak8,-0.014220908571123986,0.8639369840869169
AC132392.1,-0.0142393925639627,1.0
Shroom4,-0.01433737245611147,1.0
Il15ra,-0.014340365091960376,0.995786011966415
Tmem178b,-0.014341305873678342,1.0
Gm5776,-0.014349015541079214,1.0
Tsen54,-0.014368133801287873,0.9818575537687667
Atg4c,-0.014454826318762706,1.0
Nme5,-0.014523265093050687,1.0
Cpsf4l,-0.014527764245393307,1.0
Ctss,-0.014560569502012505,1.0
Zfp13,-0.014563744688018404,0.9023056798314115
Mylk3,-0.014634024414046118,0.885838351113496
Hoxb5,-0.01464908066955524,1.0
Gm5315,-0.014689628544885884,1.0
4930408O17Rik,-0.014702459439663708,1.0
Rpl21-ps5,-0.01471399951114368,0.7559799174954392
AL670603.1,-0.01472342458098391,1.0
Gucy2d,-0.014790790630271493,1.0
Cd82,-0.014905705688107127,1.0
Tbc1d7,-0.014919993128639631,1.0
Fchsd1,-0.014940294565439194,1.0
Cdk5,-0.014992330454072632,0.952596675269642
Gm12258,-0.014997172193738903,0.7041605739508854
Chrm2,-0.015061981869186447,1.0
Gstm2,-0.015091238798748505,1.0
Sned1,-0.015112248217266892,0.43195459143237824
Gm10660,-0.015219517019971195,1.0
Trp53i13,-0.015377007014313914,1.0
Tpt1-ps5,-0.01541051901727957,1.0
1600014C10Rik,-0.015450504065911377,0.5749837302839894
Usf1,-0.015450895324749447,0.7380230140077411
Elp2,-0.015452492382651678,0.9465094419038732
Dnal1,-0.015531463131713616,1.0
Gm42884,-0.01557811633959486,1.0
Gm6977,-0.015579299709345523,0.6148373249064024
Crtc2,-0.015595858545497823,0.8496817039207991
Gm17349,-0.015605998938335862,1.0
Gm12464,-0.015698855610927275,1.0
Ifi203,-0.015714626762944498,1.0
Ttll10,-0.01571477534487362,0.9153415081959895
Rpsa-ps11,-0.015769854907109988,0.686201430353024
Gm24049,-0.015809802922284052,1.0
Zdhhc19,-0.015944860309247084,0.9640882547984261
Gm43247,-0.015993310013083507,1.0
Pianp,-0.016053577800021108,0.35139592358234234
Gm34149,-0.01609277197706707,0.869873636395469
Ahrr,-0.016097477390511063,1.0
Gm10330,-0.016137994065578806,1.0
Gm12166,-0.016141959552869765,1.0
Lmnb2,-0.01617790398274448,1.0
Gm39288,-0.01627313833920289,1.0
4930412B13Rik,-0.016304401373822937,1.0
Pla2g4e,-0.016452317498609786,1.0
Car12,-0.016473813416203197,0.4326993955232303
Myh3,-0.01655213770023412,1.0
Rpl9-ps8,-0.01667621916119971,1.0
AC153729.4,-0.01671744363481775,1.0
Lrrc8e,-0.01676628758694227,1.0
Gm43368,-0.016812884434971642,1.0
Gm7292,-0.016817506486449585,0.5383027611666975
Gm2383,-0.01697964306528248,1.0
Gm15653,-0.01700585893482241,1.0
Gm17690,-0.017057604466798815,0.9154410135549989
Gm5070,-0.01715180376523163,0.9095167489949071
Galnt17,-0.017156752334428527,0.9881302419676692
Gm8864,-0.017197465696069322,1.0
2700069I18Rik,-0.017260404027893545,1.0
Gm17484,-0.017353883154929722,1.0
Gm2788,-0.017356641107991195,1.0
Zfp605,-0.017371282445875397,0.9670438290095941
Trappc11,-0.01738997541720326,0.3936775023243767
Gm26569,-0.01740985311432379,1.0
Gm8349,-0.017439922258040134,1.0
Gm37982,-0.017452948321744113,1.0
Wdr95,-0.01751591384509692,0.9522699539183246
Gm35857,-0.017634572324097823,1.0
Acp6,-0.017685487420026316,0.4825107718515659
Gm20532,-0.017810701576323196,0.6070180757557028
Gm10240,-0.017862997029564984,1.0
Gm26777,-0.01787562489633047,0.3894756907524387
Slc11a2,-0.018037507044598493,0.8834539056881624
Gm7467,-0.018093793682333846,0.9357318600854156
Fam46b,-0.018105786227111887,0.6090693660841433
AC161537.1,-0.01815076673525951,1.0
Gm14471,-0.01828323195097229,1.0
9130230L23Rik,-0.018360782646312468,1.0
Dis3l,-0.01841836927849203,1.0
Lrrc24,-0.018425072592005255,0.8298473809473986
Gm45341,-0.018434159652525605,1.0
Elac1,-0.018442281496002435,0.9942446416260393
Gm8739,-0.018647072460837626,0.6886748434587922
Xkr6,-0.018776556476648516,0.9522699539183246
Taf8,-0.01888380427071571,0.7705949866936234
4932443L11Rik,-0.01891696115791555,1.0
Gm46323,-0.018929790901479757,0.8142534626530472
1700111N16Rik,-0.01894408839638433,0.9012267475109871
Selp,-0.018979331123904517,0.7292663578323921
A730071L15Rik,-0.01901683080247595,1.0
Gm6285,-0.01901950387340726,1.0
Rps16-ps3,-0.019174448810145503,1.0
Gm6621,-0.01930151770022793,1.0
Ptgr2,-0.01933636861208232,0.910450060492602
Tsacc,-0.019380429610882422,1.0
Gm26763,-0.01951656574518527,1.0
Phf1,-0.01953397606224162,0.9153415081959895
Wdr83,-0.01959968219213658,1.0
Gm14094,-0.019735321885532512,0.5170205155665055
Plxdc2,-0.019737519117018598,1.0
Hoxb5os,-0.019741122259624325,1.0
Svep1,-0.019754946673094347,0.9785697141018772
Xlr5a,-0.01983915925058662,1.0
Ttll1,-0.020012601028150893,0.9830126582059417
Add1,-0.020030581976487803,0.8262958425128487
Rpl17-ps3,-0.02005331895361698,0.8043595050980408
Dnajc14,-0.02013475995486422,0.9984974929035302
Topaz1,-0.02028102657996336,1.0
9630002D21Rik,-0.020311569208849713,0.8572242589007593
Abcf3,-0.02041945740192843,0.81160527282048
Gm13935,-0.020769645475227184,0.9984974929035302
Tfcp2l1,-0.020860483347280093,1.0
Gm5069,-0.021316025447868158,0.8176068775668132
Rfesd,-0.021418058234186244,0.885838351113496
Gm26911,-0.021441360028491244,1.0
Reln,-0.021776863707400246,1.0
Gm12696,-0.021894958887235607,1.0
Bag6,-0.022063604577536717,0.12248969778054805
Cphx3,-0.022079038133893808,0.47814990133750174
Itga10,-0.02215353308644516,0.8168328851953776
Mlph,-0.022272060205105967,0.885838351113496
Nkain2,-0.022286207723353102,0.9233036586683036
Adamts18,-0.02248805260279987,1.0
AC147639.2,-0.022700211426042994,1.0
Dysf,-0.02279069869948484,1.0
Zc3h3,-0.022791198035567683,1.0
Trpc5,-0.022793370330813575,1.0
Nmnat1,-0.022803242009844345,0.7559799174954392
Gm10010,-0.022913494168192525,0.8556519108696694
6720427I07Rik,-0.02312908645678785,0.718181113903676
Stpg1,-0.023313517446780504,1.0
Gm4795,-0.02344735829343708,1.0
Sybu,-0.023545114131445888,0.9640882547984261
Gm10247,-0.02357903944846951,0.78058813358887
Gm26669,-0.024173557385125947,1.0
Ccdc73,-0.02428246588650947,1.0
Rnd3,-0.02435906203100413,0.9794965514057334
Gm9132,-0.024444027779018346,1.0
Bdkrb2,-0.024480363493095857,0.9314526376891901
Slc9a5,-0.024572817018226153,0.885838351113496
Gm45346,-0.024634278947989755,0.9465094419038732
Gm11309,-0.02481389691155179,1.0
Vax2os,-0.02486365391964449,0.8078787757271417
Gm12497,-0.02501040585989961,0.9881302419676692
Rpl10-ps3,-0.0250425246851169,0.6276123471173858
Rpl39-ps,-0.0251083912313257,0.33575888858792396
Mmachc,-0.025131811805804757,0.78058813358887
Gm28659,-0.025402398735511325,1.0
4932411K12Rik,-0.02552873485483473,0.929344176352998
Gm26851,-0.02566581456109746,0.993602906539985
B230398E01Rik,-0.025826497154745384,1.0
Slc25a10,-0.025872791393895932,0.869873636395469
Gm7967,-0.025981757129135735,0.2543393766244584
Dqx1,-0.026063158433853997,0.9670438290095941
L3mbtl2,-0.02658214723057709,0.36186006968931095
Strip2,-0.026691602292221367,0.9465094419038732
Rps13-ps6,-0.026832192980504127,0.9927285645508844
Far1os,-0.027083403244509797,0.995786011966415
Gm5099,-0.027201272765872656,0.978541180880163
Ostm1,-0.027206383606349315,0.9881302419676692
Robo1,-0.027684521787297207,0.8405039844319295
Nrg3,-0.027794520533609802,0.5307313073004364
Lef1,-0.02840154156826664,0.8262958425128487
Ttc12,-0.028645666172012686,0.9522699539183246
AC134334.2,-0.028861954564385135,0.9443857116296366
Tex11,-0.029022120962727816,0.8555081938363368
Ccdc130,-0.029254226356872786,0.8556519108696694
Gm13194,-0.02991512724202246,0.7845101348800274
Nr6a1os,-0.030425050352140947,0.6300336226635003
Idi1,-0.03073318751954397,0.24330125362870686
Gm7363,-0.030775642748972085,0.869873636395469
Rilpl1,-0.030883746020892226,0.7995815734896643
Tmem43,-0.031233064217474626,0.45323395062355787
Pla2g6,-0.03126854497262752,0.8142534626530472
Gm45795,-0.03136532848266571,0.8834539056881624
Il27,-0.03162190535908837,0.8301711574979027
Katnb1,-0.031948824723424044,0.788903567710654
Exoc6,-0.03196724128648923,0.8162218488602049
Gm12328,-0.03224166150151574,0.7963732075930118
Gm10086,-0.032272219486629575,0.03200492134099991
L2hgdh,-0.032300772249427005,0.654047065569742
Gm28187,-0.0325714787574481,0.1351288180808746
Gm2367,-0.03384640873124947,0.7470319940086511
Aplf,-0.03393551708912785,0.6090693660841433
1500026H17Rik,-0.03495256942137115,0.6943473736142234
St6galnac3,-0.034953675592172676,0.5771099616381741
Rimklb,-0.03506237329225089,0.5098748121838135
Rpl31-ps21,-0.035183002526962555,0.7364870070990989
Prss41,-0.036096777275106705,0.5403173825389271
Atp12a,-0.03699825298091514,0.6310824784472282
Fn1,-0.037161551530689334,0.5966099409001152
Ubiad1,-0.03749389825321411,0.5641012719595225
Agrp,-0.037504830090088176,0.5558526511887971
Dcaf11,-0.03844417160496847,0.577587402271709
Agl,-0.038878953140865945,0.20488249381885087
Emid1,-0.03939265412922467,0.4173199435286896
Grm3,-0.039547040989198194,0.0006814416556589862
Tefm,-0.04013317884089459,0.17004353517787937
Bicral,-0.04084807251212253,0.22464243730531946
Zfp212,-0.041128969689655626,0.2703551702435144
Zkscan14,-0.04128519899885036,0.35139592358234234
Tcf24,0.0,1.0
Lrrc52,0.0,1.0
Gm13649,0.0,1.0
Gm13930,0.0,1.0
Fermt1,0.0,1.0
Wfdc12,0.0,1.0
Wfdc15a,0.0,1.0
Glod5,0.0,1.0
Gm7219,0.0,1.0
Gm5389,0.0,1.0
Gpr165,0.0,1.0
Gm14847,0.0,1.0
Gm15168,0.0,1.0
Gm38505,0.0,1.0
Bglap2,0.0,1.0
Gm15235,0.0,1.0
Gm31305,0.0,1.0
Gm43435,0.0,1.0
Gm4321,0.0,1.0
Gm24048,0.0,1.0
Gbp2b,0.0,1.0
Gm11834,0.0,1.0
Gm12807,0.0,1.0
Gm9506,0.0,1.0
Gm10062,0.0,1.0
Gm43266,0.0,1.0
Gm42161,0.0,1.0
Pilra,0.0,1.0
Gm5873,0.0,1.0
Gm7308,0.0,1.0
Gm12783,0.0,1.0
Gm25405,0.0,1.0
Mrps36-ps2,0.0,1.0
Olfml1,0.0,1.0
AC153845.2,0.0,1.0
AC153938.1,0.0,1.0
Gm7669,0.0,1.0
Gm30978,0.0,1.0
Gm45435,0.0,1.0
Gm17910,0.0,1.0
Tat,0.0,1.0
4930579G18Rik,0.0,1.0
AC123533.3,0.0,1.0
Oxgr1,0.0,1.0
Gm10642,0.0,1.0
D430036J16Rik,0.0,1.0
Dlec1,0.0,1.0
Gm12142,0.0,1.0
Gm12213,0.0,1.0
Irgm2,0.0,1.0
Fam83g,0.0,1.0
Gm9796,0.0,1.0
Fam50b,0.0,1.0
AC123709.1,0.0,1.0
2410141K09Rik,0.0,1.0
AC159188.1,0.0,1.0
AC154585.1,0.0,1.0
Gm22246,0.0,1.0
Rspo2,0.0,1.0
A1bg,0.0,1.0
Dnase1l2,0.0,1.0
mt-Ts1,0.0,1.0
mt-Atp6,0.0,1.0
Fahd2a,0.0,1.0
Gm9682,0.0,1.0
Gm42832,0.0,1.0
Gm2040,0.0,1.0
Tpi-rs5,0.0,1.0
Gm28924,0.0,1.0
Gm11416,0.0,1.0
Gm46317,0.0,1.0
Gm2089,0.0,1.0
AC147101.2,0.0,1.0
Ckb,0.0,1.0
Gm38947,0.0,1.0
