gene	cycle_state	date	GeneSymbol
ENSMUSG00000000028	S	9/13/17	Cdc45
ENSMUSG00000001228	S	9/13/17	Uhrf1
ENSMUSG00000001403	G2/M	9/13/17	Ube2c
ENSMUSG00000002870	S	9/13/17	Mcm2
ENSMUSG00000004642	S	9/13/17	Slbp
ENSMUSG00000004880	G2/M	9/13/17	Lbr
ENSMUSG00000005410	S	9/13/17	Mcm5
ENSMUSG00000005698	G2/M	9/13/17	Ctcf
ENSMUSG00000006398	G2/M	9/13/17	Cdc20
ENSMUSG00000006678	S	9/13/17	Pola1
ENSMUSG00000006715	S	9/13/17	Gmnn
ENSMUSG00000009575	G2/M	9/13/17	Cbx5
ENSMUSG00000012443	G2/M	9/13/17	Kif11
ENSMUSG00000015749	G2/M	9/13/17	Anp32e
ENSMUSG00000017499	S	9/13/17	Cdc6
ENSMUSG00000017716	G2/M	9/13/17	Birc5
ENSMUSG00000019942	G2/M	9/13/17	Cdk1
ENSMUSG00000019961	G2/M	9/13/17	Tmpo
ENSMUSG00000020330	G2/M	9/13/17	Hmmr
ENSMUSG00000020649	S	9/13/17	Rrm2
ENSMUSG00000020737	G2/M	9/13/17	Jpt1
ENSMUSG00000020808	G2/M	9/13/17	Pimreg
ENSMUSG00000020897	G2/M	9/13/17	Aurkb
ENSMUSG00000020914	G2/M	9/13/17	Top2a
ENSMUSG00000022360	S	9/13/17	Atad2
ENSMUSG00000022385	G2/M	9/13/17	Gtse1
ENSMUSG00000022391	G2/M	9/13/17	Rangap1
ENSMUSG00000022422	S	9/13/17	Dscc1
ENSMUSG00000022673	S	9/13/17	Mcm4
ENSMUSG00000022945	S	9/13/17	Chaf1b
ENSMUSG00000023104	S	9/13/17	Rfc2
ENSMUSG00000023505	G2/M	9/13/17	Cdca3
ENSMUSG00000024056	G2/M	9/13/17	Ndc80
ENSMUSG00000024151	S	9/13/17	Msh2
ENSMUSG00000024742	S	9/13/17	Fen1
ENSMUSG00000024795	G2/M	9/13/17	Kif20b
ENSMUSG00000025001	S	9/13/17	Hells
ENSMUSG00000025395	S	9/13/17	Prim1
ENSMUSG00000025747	S	9/13/17	Tyms
ENSMUSG00000026355	S	9/13/17	Mcm6
ENSMUSG00000026605	G2/M	9/13/17	Cenpf
ENSMUSG00000026622	G2/M	9/13/17	Nek2
ENSMUSG00000026683	G2/M	9/13/17	Nuf2
ENSMUSG00000027242	S	9/13/17	Wdr76
ENSMUSG00000027306	G2/M	9/13/17	Nusap1
ENSMUSG00000027323	S	9/13/17	Rad51
ENSMUSG00000027342	S	9/13/17	Pcna
ENSMUSG00000027379	G2/M	9/13/17	Bub1
ENSMUSG00000027469	G2/M	9/13/17	Tpx2
ENSMUSG00000027496	G2/M	9/13/17	Aurka
ENSMUSG00000027699	G2/M	9/13/17	Ect2
ENSMUSG00000028044	G2/M	9/13/17	Cks1b
ENSMUSG00000028212	S	9/13/17	Ccne2
ENSMUSG00000028282	S	9/13/17	Casp8ap2
ENSMUSG00000028560	S	9/13/17	Usp1
ENSMUSG00000028678	G2/M	9/13/17	Kif2c
ENSMUSG00000028693	S	9/13/17	Nasp
ENSMUSG00000028873	G2/M	9/13/17	Cdca8
ENSMUSG00000028884	S	9/13/17	Rpa2
ENSMUSG00000029177	G2/M	9/13/17	Cenpa
ENSMUSG00000029591	S	9/13/17	Ung
ENSMUSG00000030346	S	9/13/17	Rad51ap1
ENSMUSG00000030528	S	9/13/17	Blm
ENSMUSG00000030726	S	9/13/17	Pold3
ENSMUSG00000030978	S	9/13/17	Rrm1
ENSMUSG00000031004	G2/M	9/13/17	Mki67
ENSMUSG00000031629	S	9/13/17	Cenpu
ENSMUSG00000031821	S	9/13/17	Gins2
ENSMUSG00000032218	G2/M	9/13/17	Ccnb2
ENSMUSG00000032254	G2/M	9/13/17	Kif23
ENSMUSG00000032397	S	9/13/17	Tipin
ENSMUSG00000034329	S	9/13/17	Brip1
ENSMUSG00000034349	G2/M	9/13/17	Smc4
ENSMUSG00000035293	G2/M	9/13/17	G2e3
ENSMUSG00000036752	G2/M	9/13/17	Tubb4b
ENSMUSG00000036777	G2/M	9/13/17	Anln
ENSMUSG00000037313	G2/M	9/13/17	Tacc3
ENSMUSG00000037474	S	9/13/17	Dtl
ENSMUSG00000037544	G2/M	9/13/17	Dlgap5
ENSMUSG00000037725	G2/M	9/13/17	Ckap2
ENSMUSG00000038252	G2/M	9/13/17	Ncapd2
ENSMUSG00000038379	G2/M	9/13/17	Ttk
ENSMUSG00000039748	S	9/13/17	Exo1
ENSMUSG00000040549	G2/M	9/13/17	Ckap5
ENSMUSG00000041712	S	9/13/17	Ubr7
ENSMUSG00000042489	S	9/13/17	Clspn
ENSMUSG00000044201	G2/M	9/13/17	Cdc25c
ENSMUSG00000044783	G2/M	9/13/17	A730008H23Rik
ENSMUSG00000045328	G2/M	9/13/17	Cenpe
ENSMUSG00000046179	S	9/13/17	E2f8
ENSMUSG00000048327	G2/M	9/13/17	Ckap2l
ENSMUSG00000048922	G2/M	9/13/17	Cdca2
ENSMUSG00000054717	G2/M	9/13/17	Hmgb2
ENSMUSG00000055612	S	9/13/17	Cdca7
ENSMUSG00000062248	G2/M	9/13/17	Cks2
ENSMUSG00000068744	G2/M	9/13/17	Psrc1
ENSMUSG00000074802	G2/M	9/13/17	Gas2l3
