ens_id	gene_symbol	mouse_gene_id	mouse_gene_symbol	mouse_gene_symbol_alternative
ENSG00000156970	BUB1B	ENSMUSG00000040084	Bub1b	Bub1b
ENSG00000111665	CDCA3	ENSMUSG00000023505	Cdca3	Cdca3
ENSG00000166851	PLK1	ENSMUSG00000030867	Plk1	Plk1
ENSG00000112742	TTK	ENSMUSG00000038379	Ttk	Ttk
ENSG00000198901	PRC1	ENSMUSG00000038943	Prc1	Prc1
ENSG00000087586	AURKA	ENSMUSG00000027496	Aurka	Aurka
ENSG00000090889	KIF4A	ENSMUSG00000034311	Kif4	Kif4
ENSG00000143228	NUF2	ENSMUSG00000026683	Nuf2	Nuf2
ENSG00000123473	STIL	ENSMUSG00000028718	Stil	Stil
ENSG00000145386	CCNA2	ENSMUSG00000027715	Ccna2	Ccna2
ENSG00000134057	CCNB1	ENSMUSG00000041431	Ccnb1	Ccnb1
ENSG00000138160	KIF11	ENSMUSG00000012443	Kif11	Kif11
ENSG00000117650	NEK2	ENSMUSG00000026622	Nek2	Nek2
ENSG00000088325	TPX2	ENSMUSG00000027469	Tpx2	Tpx2
ENSG00000100526	CDKN3	ENSMUSG00000037628	Cdkn3	Cdkn3
ENSG00000117724	CENPF	ENSMUSG00000026605	Cenpf	Cenpf
ENSG00000121621	KIF18A	ENSMUSG00000027115	Kif18a	Kif18a
ENSG00000161800	RACGAP1	ENSMUSG00000023015	Racgap1	Racgap1
ENSG00000138180	CEP55	ENSMUSG00000024989	Cep55	Cep55
ENSG00000112029	FBXO5	ENSMUSG00000019773	Fbxo5	Fbxo5
ENSG00000089685	BIRC5	ENSMUSG00000017716	Birc5	Birc5
ENSG00000169679	BUB1	ENSMUSG00000027379	Bub1	Bub1
ENSG00000157456	CCNB2	ENSMUSG00000032218	Ccnb2	Ccnb2
ENSG00000024526	DEPDC1	ENSMUSG00000028175	Depdc1a	Depdc1a
ENSG00000075218	GTSE1	ENSMUSG00000022385	Gtse1	Gtse1
ENSG00000142945	KIF2C	ENSMUSG00000028678	Kif2c	Kif2c
ENSG00000143401	ANP32E	ENSMUSG00000015749	Anp32e	Anp32e
ENSG00000066279	ASPM	ENSMUSG00000033952	Aspm	Aspm
ENSG00000178999	AURKB	ENSMUSG00000020897	Aurkb	Aurkb
ENSG00000117399	CDC20	ENSMUSG00000006398	Cdc20	Cdc20
ENSG00000164045	CDC25A	ENSMUSG00000032477	Cdc25a	Cdc25a
ENSG00000184661	CDCA2	ENSMUSG00000048922	Cdca2	Cdca2
ENSG00000143476	DTL	ENSMUSG00000037474	Dtl	Dtl
ENSG00000118193	KIF14	ENSMUSG00000041498	Kif14	Kif14
ENSG00000163535	SGOL2	ENSMUSG00000094443	Sgo2b	Sgo2b
ENSG00000163535	SGOL2	ENSMUSG00000026039	Sgo2a	Sgo2a
ENSG00000156802	ATAD2			
ENSG00000112984	KIF20A	ENSMUSG00000003779	Kif20a	Kif20a
ENSG00000113368	LMNB1	ENSMUSG00000024590	Lmnb1	Lmnb1
ENSG00000164109	MAD2L1	ENSMUSG00000029910	Mad2l1	Mad2l1
ENSG00000080986	NDC80	ENSMUSG00000024056	Ndc80	Ndc80
ENSG00000120334	CENPL	ENSMUSG00000026708	Cenpl	Cenpl
ENSG00000126787	DLGAP5	ENSMUSG00000037544	Dlgap5	Dlgap5
ENSG00000121152	NCAPH	ENSMUSG00000034906	Ncaph	Ncaph
ENSG00000129810	SGOL1	ENSMUSG00000023940	Sgo1	Sgo1
ENSG00000120802	TMPO	ENSMUSG00000019961	Tmpo	Tmpo
ENSG00000166508	MCM7	ENSMUSG00000029730	Mcm7	Mcm7
ENSG00000133119	RFC3	ENSMUSG00000033970	Rfc3	Rfc3
ENSG00000113810	SMC4	ENSMUSG00000034349	Smc4	Smc4
ENSG00000152253	SPC25	ENSMUSG00000005233	Spc25	Spc25
ENSG00000140534	TICRR	ENSMUSG00000046591	Ticrr	Ticrr
ENSG00000147874	HAUS6	ENSMUSG00000038047	Haus6	Haus6
ENSG00000158402	CDC25C	ENSMUSG00000044201	Cdc25c	Cdc25c
ENSG00000134690	CDCA8	ENSMUSG00000028873	Cdca8	Cdca8
ENSG00000135476	ESPL1	ENSMUSG00000058290	Espl1	Espl1
ENSG00000072571	HMMR	ENSMUSG00000020330	Hmmr	Hmmr
ENSG00000198826	ARHGAP11A	ENSMUSG00000041219	Arhgap11a	Arhgap11a
ENSG00000122966	CIT	ENSMUSG00000029516	Cit	Cit
ENSG00000035499	DEPDC1B	ENSMUSG00000021697	Depdc1b	Depdc1b
ENSG00000174371	EXO1	ENSMUSG00000039748	Exo1	Exo1
ENSG00000129195	FAM64A	ENSMUSG00000020808	Pimreg	Pimreg
ENSG00000144354	CDCA7	ENSMUSG00000055612	Cdca7	Cdca7
ENSG00000169607	CKAP2L	ENSMUSG00000048327	Ckap2l	Ckap2l
ENSG00000137804	NUSAP1	ENSMUSG00000027306	Nusap1	Nusap1
ENSG00000149554	CHEK1	ENSMUSG00000032113	Chek1	Chek1
ENSG00000123485	HJURP	ENSMUSG00000044783	Hjurp	Hjurp
ENSG00000149503	INCENP	ENSMUSG00000024660	Incenp	Incenp
ENSG00000142731	PLK4	ENSMUSG00000025758	Plk4	Plk4
ENSG00000198554	WDHD1	ENSMUSG00000037572	Wdhd1	Wdhd1
ENSG00000144395	CCDC150	ENSMUSG00000025983	Ccdc150	Ccdc150
ENSG00000165480	SKA3	ENSMUSG00000021965	Ska3	Ska3
ENSG00000138778	CENPE	ENSMUSG00000045328	Cenpe	Cenpe
ENSG00000135451	TROAP	ENSMUSG00000032783	Troap	Troap
ENSG00000171241	SHCBP1	ENSMUSG00000022322	Shcbp1	Shcbp1
ENSG00000076382	SPAG5	ENSMUSG00000002055	Spag5	Spag5
ENSG00000012048	BRCA1	ENSMUSG00000017146	Brca1	Brca1
ENSG00000101447	FAM83D	ENSMUSG00000027654	Fam83d	Fam83d
ENSG00000168078	PBK	ENSMUSG00000022033	Pbk	Pbk
ENSG00000163808	KIF15	ENSMUSG00000036768	Kif15	Kif15
ENSG00000181938	GINS3	ENSMUSG00000031669	Gins3	Gins3
ENSG00000068489	PRR11	ENSMUSG00000020493	Prr11	Prr11
ENSG00000111247	RAD51AP1	ENSMUSG00000030346	Rad51ap1	Rad51ap1
ENSG00000138092	CENPO	ENSMUSG00000020652	Cenpo	Cenpo
ENSG00000131351	HAUS8	ENSMUSG00000035439	Haus8	Haus8
ENSG00000100297	MCM5	ENSMUSG00000005410	Mcm5	Mcm5
ENSG00000188486	H2AFX	ENSMUSG00000049932	H2ax	H2ax
ENSG00000237649	KIFC1	ENSMUSG00000079553	Kifc1	Kifc1
ENSG00000237649	KIFC1	ENSMUSG00000024301	Kifc5b	Kifc5b
ENSG00000085999	RAD54L	ENSMUSG00000028702	Rad54l	Rad54l
ENSG00000163507	KIAA1524	ENSMUSG00000033031	Cip2a	Cip2a
ENSG00000136122	BORA	ENSMUSG00000022070	Bora	Bora
ENSG00000111445	RFC5	ENSMUSG00000029363	Rfc5	Rfc5
ENSG00000151466	SCLT1	ENSMUSG00000059834	Sclt1	Sclt1
ENSG00000040275	SPDL1	ENSMUSG00000069910	Spdl1	Spdl1
ENSG00000077152	UBE2T	ENSMUSG00000026429	Ube2t	Ube2t
ENSG00000166451	CENPN	ENSMUSG00000031756	Cenpn	Cenpn
ENSG00000139734	DIAPH3	ENSMUSG00000022021	Diaph3	Diaph3
ENSG00000137337	MDC1	ENSMUSG00000061607	Mdc1	Mdc1
ENSG00000171848	RRM2	ENSMUSG00000020649	Rrm2	Rrm2
ENSG00000197299	BLM	ENSMUSG00000030528	Blm	Blm
ENSG00000109674	NEIL3	ENSMUSG00000039396	Neil3	Neil3
ENSG00000163002	NUP35	ENSMUSG00000026999	Nup35	Nup35
ENSG00000104147	OIP5	ENSMUSG00000072980	Oip5	Oip5
ENSG00000140451	PIF1	ENSMUSG00000041064	Pif1	Pif1
ENSG00000051180	RAD51	ENSMUSG00000027323	Rad51	Rad51
ENSG00000137812	CASC5	ENSMUSG00000027326	Knl1	Knl1
ENSG00000170312	CDK1	ENSMUSG00000019942	Cdk1	Cdk1
ENSG00000058804	NDC1	ENSMUSG00000028614	Ndc1	Ndc1
ENSG00000171320	ESCO2	ENSMUSG00000022034	Esco2	Esco2
ENSG00000120699	EXOSC8	ENSMUSG00000027752	Exosc8	Exosc8
ENSG00000144554	FANCD2	ENSMUSG00000034023	Fancd2	Fancd2
ENSG00000184445	KNTC1	ENSMUSG00000029414	Kntc1	Kntc1
ENSG00000085840	ORC1	ENSMUSG00000028587	Orc1	Orc1
ENSG00000080839	RBL1	ENSMUSG00000027641	Rbl1	Rbl1
ENSG00000183763	TRAIP	ENSMUSG00000032586	Traip	Traip
ENSG00000075702	WDR62	ENSMUSG00000037020	Wdr62	Wdr62
ENSG00000138658	ZGRF1			
ENSG00000093009	CDC45	ENSMUSG00000000028	Cdc45	Cdc45
ENSG00000177602	GSG2	ENSMUSG00000050107	Haspin	Haspin
ENSG00000129534	MIS18BP1	ENSMUSG00000047534	Mis18bp1	Mis18bp1
ENSG00000178921	PFAS	ENSMUSG00000020899	Pfas	Pfas
ENSG00000094804	CDC6	ENSMUSG00000017499	Cdc6	Cdc6
ENSG00000108106	UBE2S	ENSMUSG00000060860	Ube2s	Ube2s
ENSG00000108106	UBE2S	ENSMUSG00000118653	Ube2srt	Ube2srt
ENSG00000173207	CKS1B	ENSMUSG00000028044	Cks1b	Cks1b
ENSG00000151725	CENPU	ENSMUSG00000031629	Cenpu	Cenpu
ENSG00000168496	FEN1	ENSMUSG00000024742	Fen1	Fen1
ENSG00000183856	IQGAP3	ENSMUSG00000028068	Iqgap3	Iqgap3
ENSG00000138587	MNS1	ENSMUSG00000032221	Mns1	Mns1
ENSG00000100162	CENPM	ENSMUSG00000068101	Cenpm	Cenpm
ENSG00000165490	DDIAS	ENSMUSG00000030641	Ddias	Ddias
ENSG00000182010	RTKN2	ENSMUSG00000037846	Rtkn2	Rtkn2
ENSG00000122952	ZWINT	ENSMUSG00000019923	Zwint	Zwint
ENSG00000101003	GINS1	ENSMUSG00000027454	Gins1	Gins1
ENSG00000136824	SMC2	ENSMUSG00000028312	Smc2	Smc2
ENSG00000131747	TOP2A	ENSMUSG00000020914	Top2a	Top2a
ENSG00000173456	RNF26	ENSMUSG00000072476	Rnf26rt	Rnf26rt
ENSG00000173456	RNF26	ENSMUSG00000053128	Rnf26	Rnf26
ENSG00000173456	RNF26	ENSMUSG00000111409	Gm49380	Gm49380
ENSG00000031691	CENPQ	ENSMUSG00000023919	Cenpq	Cenpq
ENSG00000161692	DBF4B			
ENSG00000221829	FANCG	ENSMUSG00000028453	Fancg	Fancg
ENSG00000135913	USP37	ENSMUSG00000033364	Usp37	Usp37
ENSG00000139618	BRCA2	ENSMUSG00000041147	Brca2	Brca2
ENSG00000143493	INTS7	ENSMUSG00000037461	Ints7	Ints7
ENSG00000125885	MCM8	ENSMUSG00000027353	Mcm8	Mcm8
ENSG00000131470	PSMC3IP	ENSMUSG00000019303	Psmc3ip	Psmc3ip
ENSG00000196584	XRCC2	ENSMUSG00000028933	Xrcc2	Xrcc2
ENSG00000000460	C1orf112	ENSMUSG00000041406	Firrm	Firrm
ENSG00000120647	CCDC77	ENSMUSG00000030177	Ccdc77	Ccdc77
ENSG00000153044	CENPH	ENSMUSG00000045273	Cenph	Cenph
ENSG00000123219	CENPK	ENSMUSG00000021714	Cenpk	Cenpk
ENSG00000103995	CEP152	ENSMUSG00000068394	Cep152	Cep152
ENSG00000167900	TK1	ENSMUSG00000025574	Tk1	Tk1
ENSG00000164611	PTTG1	ENSMUSG00000020415	Pttg1	Pttg1
ENSG00000127337	YEATS4	ENSMUSG00000020171	Yeats4	Yeats4
ENSG00000013573	DDX11	ENSMUSG00000035842	Ddx11	Ddx11
ENSG00000128708	HAT1	ENSMUSG00000027018	Hat1	Hat1
ENSG00000106355	LSM5	ENSMUSG00000091625	Lsm5	Lsm5
ENSG00000176208	ATAD5	ENSMUSG00000017550	Atad5	Atad5
ENSG00000172244	C5orf34	ENSMUSG00000062822	4833420G17Rik	4833420G17Rik
ENSG00000154920	EME1	ENSMUSG00000039055	Eme1	Eme1
ENSG00000166801	FAM111A	ENSMUSG00000086213	A330040F15Rik	A330040F15Rik
ENSG00000166801	FAM111A	ENSMUSG00000024691	Fam111a	Fam111a
ENSG00000187790	FANCM	ENSMUSG00000055884	Fancm	Fancm
ENSG00000186638	KIF24	ENSMUSG00000028438	Kif24	Kif24
ENSG00000144580	RQCD1	ENSMUSG00000026174	Cnot9	Cnot9
ENSG00000156876	SASS6	ENSMUSG00000027959	Sass6	Sass6
ENSG00000007968	E2F2	ENSMUSG00000018983	E2f2	E2f2
ENSG00000166803	KIAA0101	ENSMUSG00000040204	Pclaf	Pclaf
ENSG00000101574	METTL4	ENSMUSG00000055660	Mettl4	Mettl4
ENSG00000187951	ARHGAP11B			
ENSG00000183765	CHEK2	ENSMUSG00000029521	Chek2	Chek2
ENSG00000112312	GMNN	ENSMUSG00000006715	Gmnn	Gmnn
ENSG00000167325	RRM1	ENSMUSG00000030978	Rrm1	Rrm1
ENSG00000138346	DNA2	ENSMUSG00000036875	Dna2	Dna2
ENSG00000181544	FANCB	ENSMUSG00000047757	Fancb	Fancb
ENSG00000091651	ORC6	ENSMUSG00000031697	Orc6	Orc6
ENSG00000164087	POC1A	ENSMUSG00000023345	Poc1a	Poc1a
ENSG00000119969	HELLS	ENSMUSG00000025001	Hells	Hells
ENSG00000274267	HIST1H3B			
ENSG00000276903	HIST1H2AL			
ENSG00000143033	MTF2	ENSMUSG00000029267	Mtf2	Mtf2
ENSG00000185347	C14orf80	ENSMUSG00000037466	Tedc1	Tedc1
ENSG00000125319	C17orf53	ENSMUSG00000034773	Hrob	Hrob
ENSG00000131944	C19orf40	ENSMUSG00000030493	Faap24	Faap24
ENSG00000167747	C19orf48			
ENSG00000117593	DARS2	ENSMUSG00000026709	Dars2	Dars2
ENSG00000189403	HMGB1			
ENSG00000146410	MTFR2	ENSMUSG00000019992	Mtfr2	Mtfr2
ENSG00000204899	MZT1	ENSMUSG00000033186	Mzt1	Mzt1
ENSG00000185480	PARPBP	ENSMUSG00000035365	Parpbp	Parpbp
ENSG00000152359	POC5	ENSMUSG00000021671	Poc5	Poc5
ENSG00000182628	SKA2	ENSMUSG00000020492	Ska2	Ska2
ENSG00000166881	TMEM194A	ENSMUSG00000040195	Nemp1	Nemp1
ENSG00000101407	TTI1	ENSMUSG00000027650	Tti1	Tti1
ENSG00000116830	TTF2	ENSMUSG00000033222	Ttf2	Ttf2
ENSG00000277224	HIST1H2BF	ENSMUSG00000047246	H2bc6	H2bc6
ENSG00000277775	HIST1H3F			
ENSG00000069275	NUCKS1	ENSMUSG00000026434	Nucks1	Nucks1
ENSG00000170584	NUDCD2	ENSMUSG00000020328	Nudcd2	Nudcd2
ENSG00000055044	NOP58	ENSMUSG00000026020	Nop58	Nop58
ENSG00000111581	NUP107	ENSMUSG00000052798	Nup107	Nup107
ENSG00000160299	PCNT	ENSMUSG00000001151	Pcnt	Pcnt
ENSG00000084463	WBP11			
ENSG00000149308	NPAT	ENSMUSG00000033054	Npat	Npat
ENSG00000184825	HIST1H2AH			
ENSG00000255152	MSH5-SAPCD1			
ENSG00000068885	IFT80	ENSMUSG00000027778	Ift80	Ift80
ENSG00000176225	RTTN	ENSMUSG00000023066	Rttn	Rttn
ENSG00000142230	SAE1	ENSMUSG00000052833	Sae1	Sae1
ENSG00000077312	SNRPA	ENSMUSG00000061479	Snrpa	Snrpa
ENSG00000185130	HIST1H2BL	ENSMUSG00000094338	H2bc13	H2bc13
ENSG00000185130	HIST1H2BL	ENSMUSG00000062727	H2bc12	H2bc12
ENSG00000185130	HIST1H2BL	ENSMUSG00000069300	H2bc11	H2bc11
ENSG00000185130	HIST1H2BL	ENSMUSG00000069307	H2bc23	H2bc23
ENSG00000185130	HIST1H2BL	ENSMUSG00000095217	H2bc15	H2bc15
ENSG00000185130	HIST1H2BL	ENSMUSG00000069303	H2bc24	H2bc24
ENSG00000185130	HIST1H2BL	ENSMUSG00000069268	H2bc7	H2bc7
ENSG00000109881	CCDC34	ENSMUSG00000027160	Ccdc34	Ccdc34
ENSG00000188312	CENPP	ENSMUSG00000021391	Cenpp	Cenpp
ENSG00000077458	FAM76B	ENSMUSG00000037808	Fam76b	Fam76b
ENSG00000278023	RDM1	ENSMUSG00000010362	Rdm1	Rdm1
ENSG00000117010	ZNF684			
ENSG00000112983	BRD8	ENSMUSG00000003778	Brd8	Brd8
ENSG00000005189	AC004381.6	ENSMUSG00000030924	Rexo5	Rexo5
ENSG00000020922	MRE11A	ENSMUSG00000031928	Mre11a	Mre11a
ENSG00000183955	SETD8	ENSMUSG00000049327	Kmt5a	Kmt5a
ENSG00000152422	XRCC4	ENSMUSG00000021615	Xrcc4	Xrcc4
ENSG00000183077	AFMID	ENSMUSG00000017718	Afmid	Afmid
ENSG00000176124	DLEU1			
ENSG00000110074	FOXRED1	ENSMUSG00000039048	Foxred1	Foxred1
ENSG00000111788	LOC642846			
ENSG00000170860	LSM3	ENSMUSG00000034192	Lsm3	Lsm3
ENSG00000176953	NFATC2IP	ENSMUSG00000030722	Nfatc2ip	Nfatc2ip
ENSG00000106268	NUDT1	ENSMUSG00000036639	Nudt1	Nudt1
ENSG00000171960	PPIH	ENSMUSG00000033036	Ppihl	Ppihl
ENSG00000125835	SNRPB	ENSMUSG00000027404	Snrpb	Snrpb
ENSG00000136450	SRSF1	ENSMUSG00000018379	Srsf1	Srsf1
ENSG00000179750	APOBEC3B			
ENSG00000158987	RAPGEF6	ENSMUSG00000037533	Rapgef6	Rapgef6
ENSG00000152457	DCLRE1C	ENSMUSG00000026648	Dclre1c	Dclre1c
ENSG00000125898	FAM110A	ENSMUSG00000027459	Fam110a	Fam110a
ENSG00000196787	HIST1H2AG			
ENSG00000198919	DZIP3	ENSMUSG00000064061	Dzip3	Dzip3
ENSG00000132646	PCNA	ENSMUSG00000027342	Pcna	Pcna
ENSG00000137807	KIF23	ENSMUSG00000032254	Kif23	Kif23
ENSG00000011426	ANLN	ENSMUSG00000036777	Anln	Anln
ENSG00000115163	CENPA	ENSMUSG00000029177	Cenpa	Cenpa
ENSG00000148773	MKI67	ENSMUSG00000031004	Mki67	Mki67
ENSG00000165304	MELK	ENSMUSG00000035683	Melk	Melk
ENSG00000071539	TRIP13	ENSMUSG00000021569	Trip13	Trip13
ENSG00000175063	UBE2C	ENSMUSG00000001403	Ube2c	Ube2c
ENSG00000073111	MCM2	ENSMUSG00000002870	Mcm2	Mcm2
ENSG00000112118	MCM3	ENSMUSG00000041859	Mcm3	Mcm3
ENSG00000111206	FOXM1	ENSMUSG00000001517	Foxm1	Foxm1
ENSG00000120539	MASTL	ENSMUSG00000026779	Mastl	Mastl
ENSG00000075131	TIPIN	ENSMUSG00000032397	Tipin	Tipin
ENSG00000146670	CDCA5	ENSMUSG00000024791	Cdca5	Cdca5
ENSG00000137135	ARHGEF39	ENSMUSG00000051517	Arhgef39	Arhgef39
ENSG00000104738	MCM4	ENSMUSG00000022673	Mcm4	Mcm4
ENSG00000137310	TCF19	ENSMUSG00000050410	Tcf19	Tcf19
ENSG00000149636	DSN1	ENSMUSG00000027635	Dsn1	Dsn1
ENSG00000151503	NCAPD3	ENSMUSG00000035024	Ncapd3	Ncapd3
ENSG00000109805	NCAPG	ENSMUSG00000015880	Ncapg	Ncapg
ENSG00000146918	NCAPG2	ENSMUSG00000042029	Ncapg2	Ncapg2
ENSG00000163918	RFC4	ENSMUSG00000022881	Rfc4	Rfc4
ENSG00000163950	SLBP	ENSMUSG00000004642	Slbp	Slbp
ENSG00000138376	BARD1	ENSMUSG00000026196	Bard1	Bard1
ENSG00000136492	BRIP1	ENSMUSG00000034329	Brip1	Brip1
ENSG00000006634	DBF4	ENSMUSG00000002297	Dbf4	Dbf4
ENSG00000010292	NCAPD2	ENSMUSG00000038252	Ncapd2	Ncapd2
ENSG00000164754	RAD21	ENSMUSG00000022314	Rad21	Rad21
ENSG00000178966	RMI1	ENSMUSG00000035367	Rmi1	Rmi1
ENSG00000162607	USP1	ENSMUSG00000028560	Usp1	Usp1
ENSG00000128951	DUT	ENSMUSG00000027203	Dut	Dut
ENSG00000205208	C4orf46	ENSMUSG00000027811	4930579G24Rik	4930579G24Rik
ENSG00000156136	DCK	ENSMUSG00000029366	Dck	Dck
ENSG00000159055	MIS18A	ENSMUSG00000022978	Mis18a	Mis18a
ENSG00000101224	CDC25B	ENSMUSG00000027330	Cdc25b	Cdc25b
ENSG00000164104	HMGB2	ENSMUSG00000054717	Hmgb2	Hmgb2
ENSG00000076248	UNG	ENSMUSG00000029591	Ung	Ung
ENSG00000079616	KIF22	ENSMUSG00000030677	Kif22	Kif22
ENSG00000198924	DCLRE1A	ENSMUSG00000025077	Dclre1a	Dclre1a
ENSG00000138182	KIF20B	ENSMUSG00000024795	Kif20b	Kif20b
ENSG00000100479	POLE2	ENSMUSG00000020974	Pole2	Pole2
ENSG00000140525	FANCI	ENSMUSG00000039187	Fanci	Fanci
ENSG00000121211	MND1	ENSMUSG00000033752	Mnd1	Mnd1
ENSG00000070950	RAD18	ENSMUSG00000030254	Rad18	Rad18
ENSG00000104889	RNASEH2A	ENSMUSG00000052926	Rnaseh2a	Rnaseh2a
ENSG00000111602	TIMELESS	ENSMUSG00000039994	Timeless	Timeless
ENSG00000133302	ANKRD32	ENSMUSG00000021597	Slf1	Slf1
ENSG00000062822	POLD1	ENSMUSG00000038644	Pold1	Pold1
ENSG00000080345	RIF1	ENSMUSG00000036202	Rif1	Rif1
ENSG00000161888	SPC24	ENSMUSG00000074476	Spc24	Spc24
ENSG00000117632	STMN1	ENSMUSG00000028832	Stmn1	Stmn1
ENSG00000123975	CKS2	ENSMUSG00000062248	Cks2	Cks2
ENSG00000092853	CLSPN	ENSMUSG00000042489	Clspn	Clspn
ENSG00000118655	DCLRE1B	ENSMUSG00000027845	Dclre1b	Dclre1b
ENSG00000196290	NIF3L1	ENSMUSG00000026036	Nif3l1	Nif3l1
ENSG00000014138	POLA2	ENSMUSG00000024833	Pola2	Pola2
ENSG00000051341	POLQ	ENSMUSG00000034206	Polq	Polq
ENSG00000123737	EXOSC9	ENSMUSG00000027714	Exosc9	Exosc9
ENSG00000174442	ZWILCH	ENSMUSG00000032400	Zwilch	Zwilch
ENSG00000137770	CTDSPL2	ENSMUSG00000033411	Ctdspl2	Ctdspl2
ENSG00000164032	H2AFZ	ENSMUSG00000037894	H2az1	H2afz
ENSG00000189308	LIN54	ENSMUSG00000118665	Lin54	Lin54
ENSG00000146263	MMS22L	ENSMUSG00000045751	Mms22l	Mms22l
ENSG00000168411	RFWD3	ENSMUSG00000033596	Rfwd3	Rfwd3
ENSG00000108055	SMC3	ENSMUSG00000024974	Smc3	Smc3
ENSG00000060688	SNRNP40	ENSMUSG00000074088	Snrnp40	Snrnp40
ENSG00000132773	TOE1	ENSMUSG00000028688	Toe1	Toe1
ENSG00000105011	ASF1B	ENSMUSG00000005470	Asf1b	Asf1b
ENSG00000175216	CKAP5	ENSMUSG00000040549	Ckap5	Ckap5
ENSG00000097046	CDC7	ENSMUSG00000029283	Cdc7	Cdc7
ENSG00000136982	DSCC1	ENSMUSG00000022422	Dscc1	Dscc1
ENSG00000143498	TAF1A	ENSMUSG00000072258	Taf1a	Taf1a
ENSG00000165244	ZNF367	ENSMUSG00000044934	Zfp367	Zfp367
ENSG00000166004	CEP295	ENSMUSG00000046111	Cep295	Cep295
ENSG00000100714	MTHFD1	ENSMUSG00000021048	Mthfd1	Mthfd1
ENSG00000171792	RHNO1	ENSMUSG00000048668	Rhno1	Rhno1
ENSG00000126453	BCL2L12	ENSMUSG00000003190	Bcl2l12	Bcl2l12
ENSG00000178295	GEN1	ENSMUSG00000051235	Gen1	Gen1
ENSG00000172167	MTBP	ENSMUSG00000022369	Mtbp	Mtbp
ENSG00000113569	NUP155	ENSMUSG00000022142	Nup155	Nup155
ENSG00000125450	NUP85	ENSMUSG00000020739	Nup85	Nup85
ENSG00000197061	HIST1H4C			
ENSG00000170540	ARL6IP1	ENSMUSG00000030654	Arl6ip1	Arl6ip1
ENSG00000178074	C2orf69	ENSMUSG00000038323	1700066M21Rik	1700066M21Rik
ENSG00000183814	LIN9	ENSMUSG00000058729	Lin9	Lin9
ENSG00000164163	ABCE1	ENSMUSG00000058355	Abce1	Abce1
ENSG00000009954	BAZ1B	ENSMUSG00000002748	Baz1b	Baz1b
ENSG00000145375	SPATA5	ENSMUSG00000027722	Afg2a	Afg2a
ENSG00000136108	CKAP2	ENSMUSG00000037725	Ckap2	Ckap2
ENSG00000228716	DHFR	ENSMUSG00000021707	Dhfr	Dhfr
ENSG00000132780	NASP	ENSMUSG00000028693	Nasp	Nasp
ENSG00000113456	RAD1	ENSMUSG00000022248	Rad1	Rad1
ENSG00000142856	ITGB3BP	ENSMUSG00000028549	Itgb3bp	Itgb3bp
ENSG00000146143	PRIM2	ENSMUSG00000026134	Prim2	Prim2
ENSG00000116161	CACYBP			
ENSG00000103121	CMC2			
ENSG00000104626	ERI1	ENSMUSG00000031527	Eri1	Eri1
ENSG00000155561	NUP205	ENSMUSG00000038759	Nup205	Nup205
ENSG00000135336	ORC3	ENSMUSG00000040044	Orc3	Orc3
ENSG00000253729	PRKDC	ENSMUSG00000022672	Prkdc	Prkdc
ENSG00000075303	SLC25A40	ENSMUSG00000054099	Slc25a40	Slc25a40
ENSG00000142528	ZNF473	ENSMUSG00000048012	Zfp473	Zfp473
ENSG00000173848	NET1	ENSMUSG00000021215	Net1	Net1
ENSG00000117748	RPA2	ENSMUSG00000028884	Rpa2	Rpa2
ENSG00000108424	KPNB1	ENSMUSG00000001440	Kpnb1	Kpnb1
ENSG00000213347	MXD3	ENSMUSG00000021485	Mxd3	Mxd3
ENSG00000120253	NUP43	ENSMUSG00000040034	Nup43	Nup43
ENSG00000166037	CEP57	ENSMUSG00000031922	Cep57	Cep57
ENSG00000148019	CEP78	ENSMUSG00000041491	Cep78	Cep78
ENSG00000177733	HNRNPA0	ENSMUSG00000007836	Hnrnpa0	Hnrnpa0
ENSG00000174891	RSRC1	ENSMUSG00000034544	Rsrc1	Rsrc1
ENSG00000105866	SP4	ENSMUSG00000025323	Sp4	Sp4
ENSG00000116560	SFPQ	ENSMUSG00000028820	Sfpq	Sfpq
ENSG00000178105	DDX10	ENSMUSG00000053289	Ddx10	Ddx10
ENSG00000156787	TBC1D31	ENSMUSG00000022364	Tbc1d31	Tbc1d31
ENSG00000166483	WEE1	ENSMUSG00000031016	Wee1	Wee1
ENSG00000088305	DNMT3B	ENSMUSG00000082079	Dnmt3c	Dnmt3c
ENSG00000088305	DNMT3B	ENSMUSG00000027478	Dnmt3b	Dnmt3b
ENSG00000197409	HIST1H3D			
ENSG00000278637	HIST1H4A			
ENSG00000113649	TCERG1	ENSMUSG00000024498	Tcerg1	Tcerg1
ENSG00000109084	TMEM97	ENSMUSG00000037278	Tmem97	Tmem97
ENSG00000121988	ZRANB3	ENSMUSG00000036086	Zranb3	Zranb3
ENSG00000113460	BRIX1	ENSMUSG00000022247	Brix1	Brix1
ENSG00000204536	CCHCR1	ENSMUSG00000040312	Cchcr1	Cchcr1
ENSG00000095485	CWF19L1	ENSMUSG00000025200	Cwf19l1	Cwf19l1
ENSG00000163257	DCAF16			
ENSG00000137563	GGH	ENSMUSG00000073987	Ggh	Ggh
ENSG00000197451	HNRNPAB	ENSMUSG00000020358	Hnrnpab	Hnrnpab
ENSG00000153487	ING1	ENSMUSG00000045969	Ing1	Ing1
ENSG00000116691	MIIP	ENSMUSG00000029022	Miip	Miip
ENSG00000172336	POP7	ENSMUSG00000029715	Pop7	Pop7
ENSG00000175643	RMI2	ENSMUSG00000037991	Rmi2	Rmi2
ENSG00000156384	SFR1	ENSMUSG00000025066	Sfr1	Sfr1
ENSG00000163029	SMC6	ENSMUSG00000020608	Smc6	Smc6
ENSG00000161547	SRSF2	ENSMUSG00000034120	Srsf2	Srsf2
ENSG00000116750	UCHL5	ENSMUSG00000018189	Uchl5	Uchl5
ENSG00000129355	CDKN2D	ENSMUSG00000096472	Cdkn2d	Cdkn2d
ENSG00000153207	AHCTF1	ENSMUSG00000026491	Ahctf1	Ahctf1
ENSG00000273983	HIST1H3G	ENSMUSG00000101972	H3c11	H3c11
ENSG00000204519	ZNF551	ENSMUSG00000034071	Zfp551	Zfp551
ENSG00000122483	CCDC18	ENSMUSG00000056531	Ccdc18	Ccdc18
ENSG00000165732	DDX21	ENSMUSG00000020075	Ddx21	Ddx21
ENSG00000249115	HAUS5	ENSMUSG00000078762	Haus5	Haus5
ENSG00000119285	HEATR1	ENSMUSG00000050244	Heatr1	Heatr1
ENSG00000088247	KHSRP	ENSMUSG00000007670	Khsrp	Khsrp
ENSG00000136937	NCBP1	ENSMUSG00000028330	Ncbp1	Ncbp1
ENSG00000108395	TRIM37	ENSMUSG00000018548	Trim37	Trim37
ENSG00000183647	ZNF530			
ENSG00000149548	CCDC15	ENSMUSG00000034303	Ccdc15	Ccdc15
ENSG00000124207	CSE1L	ENSMUSG00000002718	Cse1l	Cse1l
ENSG00000277075	HIST1H2AE	ENSMUSG00000069272	H2ac8	H2ac8
ENSG00000277075	HIST1H2AE	ENSMUSG00000094777	H2ac24	H2ac24
ENSG00000175279	APITD1	ENSMUSG00000073705	Cenps	Cenps
ENSG00000106554	CHCHD3	ENSMUSG00000053768	Chchd3	Chchd3
ENSG00000165501	LRR1	ENSMUSG00000034883	Lrr1	Lrr1
ENSG00000132781	MUTYH	ENSMUSG00000028687	Mutyh	Mutyh
ENSG00000034693	PEX3	ENSMUSG00000019809	Pex3	Pex3
ENSG00000168003	SLC3A2	ENSMUSG00000010095	Slc3a2	Slc3a2
ENSG00000120438	TCP1	ENSMUSG00000068039	Tcp1	Tcp1
ENSG00000154473	BUB3	ENSMUSG00000066979	Bub3	Bub3
ENSG00000180573	HIST1H2AC			
ENSG00000100401	RANGAP1	ENSMUSG00000022391	Rangap1	Rangap1
ENSG00000143190	POU2F1	ENSMUSG00000026565	Pou2f1	Pou2f1
ENSG00000139133	ALG10	ENSMUSG00000075470	Alg10b	Alg10b
ENSG00000111911	HINT3	ENSMUSG00000019791	Hint3	Hint3
ENSG00000276368	HIST1H2AJ			
ENSG00000274641	HIST1H2BO			
ENSG00000170144	HNRNPA3	ENSMUSG00000059005	Hnrnpa3	Hnrnpa3
ENSG00000108559	NUP88	ENSMUSG00000040667	Nup88	Nup88
ENSG00000092201	SUPT16H	ENSMUSG00000035726	Supt16	Supt16
ENSG00000036257	CUL3	ENSMUSG00000004364	Cul3	Cul3
ENSG00000167130	DOLPP1	ENSMUSG00000026856	Dolpp1	Dolpp1
ENSG00000006625	GGCT	ENSMUSG00000002797	Ggct	Ggct
ENSG00000147536	GINS4	ENSMUSG00000031546	Gins4	Gins4
ENSG00000115207	GTF3C2	ENSMUSG00000106864	Gtf3c2	Gtf3c2
ENSG00000196747	HIST1H2AI			
ENSG00000278272	HIST1H3C			
ENSG00000135486	HNRNPA1	ENSMUSG00000046434	Hnrnpa1	Hnrnpa1
ENSG00000136504	KAT7	ENSMUSG00000038909	Kat7	Kat7
ENSG00000165055	METTL2B	ENSMUSG00000020691	Mettl2	Mettl2
ENSG00000167842	MIS12	ENSMUSG00000040599	Mis12	Mis12
ENSG00000113318	MSH3	ENSMUSG00000014850	Msh3	Msh3
ENSG00000083093	PALB2	ENSMUSG00000044702	Palb2	Palb2
ENSG00000137193	PIM1	ENSMUSG00000024014	Pim1	Pim1
ENSG00000048991	R3HDM1	ENSMUSG00000056211	R3hdm1	R3hdm1
ENSG00000093183	SEC22C	ENSMUSG00000061536	Sec22c	Sec22c
ENSG00000278677	HIST1H2AM			
ENSG00000174720	LARP7	ENSMUSG00000027968	Larp7	Larp7
ENSG00000174720	LARP7	ENSMUSG00000066107	Larp7-ps	Larp7-ps
ENSG00000172795	DCP2	ENSMUSG00000024472	Dcp2	Dcp2
ENSG00000180596	HIST1H2BC			
ENSG00000104756	KCTD9	ENSMUSG00000034327	Kctd9	Kctd9
ENSG00000124596	OARD1	ENSMUSG00000040771	Oard1	Oard1
ENSG00000196866	HIST1H2AD			
ENSG00000198900	TOP1	ENSMUSG00000070544	Top1	Top1
ENSG00000108384	RAD51C	ENSMUSG00000007646	Rad51c	Rad51c
ENSG00000181026	AEN	ENSMUSG00000030609	Aen	Aen
ENSG00000129173	E2F8	ENSMUSG00000046179	E2f8	E2f8
ENSG00000167670	CHAF1A	ENSMUSG00000002835	Chaf1a	Chaf1a
ENSG00000065328	MCM10	ENSMUSG00000026669	Mcm10	Mcm10
ENSG00000177917	ARL6IP6	ENSMUSG00000026960	Arl6ip6	Arl6ip6
ENSG00000127423	AUNIP	ENSMUSG00000078521	Aunip	Aunip
ENSG00000101868	POLA1	ENSMUSG00000006678	Pola1	Pola1
ENSG00000131153	GINS2	ENSMUSG00000031821	Gins2	Gins2
ENSG00000169379	ARL13B	ENSMUSG00000022911	Arl13b	Arl13b
ENSG00000053372	MRTO4	ENSMUSG00000028741	Mrto4	Mrto4
ENSG00000123374	CDK2	ENSMUSG00000025358	Cdk2	Cdk2
ENSG00000189057	FAM111B			
ENSG00000166197	NOLC1	ENSMUSG00000015176	Nolc1	Nolc1
ENSG00000137054	POLR1E	ENSMUSG00000028318	Polr1e	Polr1e
ENSG00000122565	CBX3	ENSMUSG00000029836	Cbx3	Cbx3
ENSG00000151849	CENPJ	ENSMUSG00000064128	Cenpj	Cenpj
ENSG00000213551	DNAJC9	ENSMUSG00000021811	Dnajc9	Dnajc9
ENSG00000148229	POLE3	ENSMUSG00000028394	Pole3	Pole3
ENSG00000141499	WRAP53	ENSMUSG00000041346	Wrap53	Wrap53
ENSG00000100749	VRK1	ENSMUSG00000021115	Vrk1	Vrk1
ENSG00000184220	CMSS1	ENSMUSG00000022748	Cmss1	Cmss1
ENSG00000139350	NEDD1	ENSMUSG00000019988	Nedd1	Nedd1
ENSG00000115875	SRSF7	ENSMUSG00000024097	Srsf7	Srsf7
ENSG00000042088	TDP1	ENSMUSG00000021177	Tdp1	Tdp1
ENSG00000149929	HIRIP3	ENSMUSG00000042606	Hirip3	Hirip3
ENSG00000198912	C1orf174	ENSMUSG00000047613	A430005L14Rik	A430005L14Rik
ENSG00000071794	HLTF	ENSMUSG00000002428	Hltf	Hltf
ENSG00000205659	LIN52	ENSMUSG00000085793	Lin52	Lin52
ENSG00000148835	TAF5	ENSMUSG00000025049	Taf5	Taf5
ENSG00000174799	CEP135	ENSMUSG00000036403	Cep135	Cep135
ENSG00000122566	HNRNPA2B1	ENSMUSG00000004980	Hnrnpa2b1	Hnrnpa2b1
ENSG00000164758	MED30	ENSMUSG00000038622	Med30	Med30
ENSG00000184260	HIST2H2AC	ENSMUSG00000068855	H2ac20	H2ac20
ENSG00000168476	REEP4	ENSMUSG00000033589	Reep4	Reep4
ENSG00000145354	CISD2	ENSMUSG00000028165	Cisd2	Cisd2
ENSG00000142892	PIGK	ENSMUSG00000039047	Pigk	Pigk
ENSG00000105968	H2AFV	ENSMUSG00000041126	H2az2	H2az2
ENSG00000137504	CREBZF	ENSMUSG00000051451	Crebzf	Crebzf
ENSG00000275713	HIST1H2BH			
ENSG00000273703	HIST1H2BM	ENSMUSG00000114456	H2bc9	H2bc9
ENSG00000130299	GTPBP3	ENSMUSG00000007610	Gtpbp3	Gtpbp3
ENSG00000102900	NUP93	ENSMUSG00000032939	Nup93	Nup93
ENSG00000172613	RAD9A	ENSMUSG00000024824	Rad9a	Rad9a
ENSG00000185591	SP1	ENSMUSG00000001280	Sp1	Sp1
ENSG00000115159	GPD2	ENSMUSG00000026827	Gpd2	Gpd2
ENSG00000275221	HIST1H2AK			
ENSG00000136518	ACTL6A	ENSMUSG00000027671	Actl6a	Actl6a
ENSG00000064703	DDX20	ENSMUSG00000027905	Ddx20	Ddx20
ENSG00000089280	FUS	ENSMUSG00000030795	Fus	Fus
ENSG00000105447	GRWD1	ENSMUSG00000053801	Grwd1	Grwd1
ENSG00000256269	HMBS	ENSMUSG00000032126	Hmbs	Hmbs
ENSG00000115942	ORC2	ENSMUSG00000026037	Orc2	Orc2
ENSG00000073050	XRCC1	ENSMUSG00000051768	Xrcc1	Xrcc1
ENSG00000094914	AAAS	ENSMUSG00000036678	Aaas	Aaas
ENSG00000160072	ATAD3B			
ENSG00000128272	ATF4	ENSMUSG00000042406	Atf4	Atf4
ENSG00000148153	INIP	ENSMUSG00000038544	Inip	Inip
ENSG00000277443	MARCKS	ENSMUSG00000069662	Marcks	Marcks
ENSG00000137710	RDX	ENSMUSG00000032050	Rdx	Rdx
ENSG00000086827	ZW10	ENSMUSG00000032264	Zw10	Zw10
ENSG00000109332	UBE2D3			
ENSG00000172071	EIF2AK3	ENSMUSG00000031668	Eif2ak3	Eif2ak3
ENSG00000124201	ZNFX1	ENSMUSG00000039501	Znfx1	Znfx1
ENSG00000162063	CCNF	ENSMUSG00000072082	Ccnf	Ccnf
ENSG00000129484	PARP2	ENSMUSG00000036023	Parp2	Parp2
ENSG00000121957	GPSM2	ENSMUSG00000027883	Gpsm2	Gpsm2
ENSG00000092140	G2E3	ENSMUSG00000035293	G2e3	G2e3
ENSG00000092470	WDR76	ENSMUSG00000027242	Wdr76	Wdr76
ENSG00000077514	POLD3			
ENSG00000139354	GAS2L3	ENSMUSG00000074802	Gas2l3	Gas2l3
ENSG00000076003	MCM6	ENSMUSG00000026355	Mcm6	Mcm6
ENSG00000197275	RAD54B	ENSMUSG00000078773	Rad54b	Rad54b
ENSG00000168393	DTYMK	ENSMUSG00000026281	Dtymk	Dtymk
ENSG00000093000	NUP50	ENSMUSG00000016619	Nup50	Nup50
ENSG00000136861	CDK5RAP2	ENSMUSG00000039298	Cdk5rap2	Cdk5rap2
ENSG00000101057	MYBL2	ENSMUSG00000017861	Mybl2	Mybl2
ENSG00000186193	SAPCD2	ENSMUSG00000026955	Sapcd2	Sapcd2
ENSG00000149136	SSRP1	ENSMUSG00000027067	Ssrp1	Ssrp1
ENSG00000115687	PASK	ENSMUSG00000026274	Pask	Pask
ENSG00000170264	FAM161A	ENSMUSG00000049811	Fam161a	Fam161a
ENSG00000182481	KPNA2	ENSMUSG00000066878	Kpna2rt	Kpna2rt
ENSG00000182481	KPNA2	ENSMUSG00000018362	Kpna2	Kpna2
ENSG00000152193	RNF219	ENSMUSG00000022120	Obi1	Obi1
ENSG00000159131	GART	ENSMUSG00000022962	Gart	Gart
ENSG00000070814	TCOF1	ENSMUSG00000024613	Tcof1	Tcof1
ENSG00000146842	TMEM209	ENSMUSG00000029782	Tmem209	Tmem209
ENSG00000197056	ZMYM1	ENSMUSG00000043872	Zmym1	Zmym1
ENSG00000030066	NUP160	ENSMUSG00000051329	Nup160	Nup160
ENSG00000214367	HAUS3	ENSMUSG00000079555	Haus3	Haus3
ENSG00000180198	RCC1	ENSMUSG00000028896	Rcc1	Rcc1
ENSG00000106144	CASP2	ENSMUSG00000029863	Casp2	Casp2
ENSG00000125454	SLC25A19	ENSMUSG00000020744	Slc25a19	Slc25a19
ENSG00000111196	MAGOHB			
ENSG00000099901	RANBP1	ENSMUSG00000005732	Ranbp1	Ranbp1
ENSG00000178691	SUZ12	ENSMUSG00000017548	Suz12	Suz12
ENSG00000123505	AMD1	ENSMUSG00000075232	Amd1	Amd1
ENSG00000123505	AMD1	ENSMUSG00000063953	Amd2	Amd2
ENSG00000004455	AK2	ENSMUSG00000028792	Ak2	Ak2
ENSG00000048028	USP28	ENSMUSG00000032267	Usp28	Usp28
ENSG00000136811	ODF2	ENSMUSG00000026790	Odf2	Odf2
ENSG00000106615	RHEB	ENSMUSG00000028945	Rheb	Rheb
ENSG00000115392	FANCL	ENSMUSG00000004018	Fancl	Fancl
ENSG00000137831	UACA	ENSMUSG00000034485	Uaca	Uaca
ENSG00000140526	ABHD2	ENSMUSG00000039202	Abhd2	Abhd2
ENSG00000135045	C9orf40	ENSMUSG00000047044	D030056L22Rik	D030056L22Rik
ENSG00000204315	FKBPL	ENSMUSG00000033739	Fkbpl	Fkbpl
ENSG00000163938	GNL3	ENSMUSG00000042354	Gnl3	Gnl3
ENSG00000169045	HNRNPH1	ENSMUSG00000007850	Hnrnph1	Hnrnph1
ENSG00000100395	L3MBTL2	ENSMUSG00000022394	L3mbtl2	L3mbtl2
ENSG00000158042	MRPL17	ENSMUSG00000030879	Mrpl17	Mrpl17
ENSG00000164134	NAA15	ENSMUSG00000063273	Naa15	Naa15
ENSG00000162521	RBBP4	ENSMUSG00000057236	Rbbp4	Rbbp4
ENSG00000156795	WDYHV1	ENSMUSG00000022359	Ntaq1	Ntaq1
ENSG00000167635	ZNF146	ENSMUSG00000037029	Zfp146	Zfp146
ENSG00000278828	HIST1H3H			
ENSG00000136997	MYC	ENSMUSG00000022346	Myc	Myc
ENSG00000136997	MYC	ENSMUSG00000049086	Bmyc	Bmyc
ENSG00000198836	OPA1	ENSMUSG00000038084	Opa1	Opa1
ENSG00000145241	CENPC	ENSMUSG00000029253	Cenpc1	Cenpc1
ENSG00000167186	COQ7	ENSMUSG00000030652	Coq7	Coq7
ENSG00000186687	LYRM7	ENSMUSG00000020268	Lyrm7	Lyrm7
ENSG00000237190	CDKN2AIPNL	ENSMUSG00000020392	Cdkn2aipnl	Cdkn2aipnl
ENSG00000125107	CNOT1	ENSMUSG00000036550	Cnot1	Cnot1
ENSG00000068796	KIF2A	ENSMUSG00000021693	Kif2a	Kif2a
ENSG00000196365	LONP1	ENSMUSG00000041168	Lonp1	Lonp1
ENSG00000189091	SF3B3	ENSMUSG00000033732	Sf3b3	Sf3b3
ENSG00000151353	TMEM18	ENSMUSG00000043061	Tmem18	Tmem18
ENSG00000166896	XRCC6BP1	ENSMUSG00000025436	Atp23	Atp23
ENSG00000124459	ZNF45	ENSMUSG00000074282	Zfp94	Zfp94
ENSG00000189159	HN1	ENSMUSG00000020737	Jpt1	Jpt1
ENSG00000163923	RPL39L			
ENSG00000134253	TRIM45	ENSMUSG00000033233	Trim45	Trim45
ENSG00000143458	GABPB2	ENSMUSG00000038766	Gabpb2	Gabpb2
ENSG00000265241	RBM8A	ENSMUSG00000078184	Rbm8a2	Rbm8a2
ENSG00000265241	RBM8A	ENSMUSG00000038374	Rbm8a	Rbm8a
ENSG00000117505	DR1	ENSMUSG00000029265	Dr1	Dr1
ENSG00000122257	RBBP6	ENSMUSG00000030779	Rbbp6	Rbbp6
ENSG00000181218	HIST3H2A	ENSMUSG00000078851	H2ac25	H2ac25
ENSG00000159216	RUNX1	ENSMUSG00000022952	Runx1	Runx1
ENSG00000165891	E2F7	ENSMUSG00000020185	E2f7	E2f7
ENSG00000184678	HIST2H2BE			
ENSG00000013810	TACC3	ENSMUSG00000037313	Tacc3	Tacc3
ENSG00000154839	SKA1	ENSMUSG00000036223	Ska1	Ska1
ENSG00000186871	ERCC6L	ENSMUSG00000051220	Ercc6l	Ercc6l
ENSG00000116062	MSH6	ENSMUSG00000005370	Msh6	Msh6
ENSG00000119403	PHF19	ENSMUSG00000026873	Phf19	Phf19
ENSG00000158169	FANCC	ENSMUSG00000021461	Fancc	Fancc
ENSG00000077684	JADE1	ENSMUSG00000025764	Jade1	Jade1
ENSG00000213390	ARHGAP19	ENSMUSG00000025154	Arhgap19	Arhgap19
ENSG00000095002	MSH2	ENSMUSG00000024151	Msh2	Msh2
ENSG00000167513	CDT1	ENSMUSG00000006585	Cdt1	Cdt1
ENSG00000051825	MPHOSPH9	ENSMUSG00000038126	Mphosph9	Mphosph9
ENSG00000132436	FIGNL1	ENSMUSG00000035455	Fignl1	Fignl1
ENSG00000145604	SKP2	ENSMUSG00000054115	Skp2	Skp2
ENSG00000114346	ECT2	ENSMUSG00000027699	Ect2	Ect2
ENSG00000143815	LBR	ENSMUSG00000004880	Lbr	Lbr
ENSG00000276043	UHRF1	ENSMUSG00000001228	Uhrf1	Uhrf1
ENSG00000170779	CDCA4	ENSMUSG00000047832	Cdca4	Cdca4
ENSG00000124795	DEK	ENSMUSG00000021377	Dek	Dek
ENSG00000101412	E2F1	ENSMUSG00000027490	E2f1	E2f1
ENSG00000049541	RFC2	ENSMUSG00000023104	Rfc2	Rfc2
ENSG00000127564	PKMYT1	ENSMUSG00000023908	Pkmyt1	Pkmyt1
ENSG00000163781	TOPBP1	ENSMUSG00000032555	Topbp1	Topbp1
ENSG00000213186	TRIM59	ENSMUSG00000034317	Trim59	Trim59
ENSG00000166845	C18orf54	ENSMUSG00000044906	4930503L19Rik	4930503L19Rik
ENSG00000130816	DNMT1	ENSMUSG00000004099	Dnmt1	Dnmt1
ENSG00000161980	POLR3K	ENSMUSG00000038628	Polr3k	Polr3k
ENSG00000101596	SMCHD1	ENSMUSG00000024054	Smchd1	Smchd1
ENSG00000152455	SUV39H2	ENSMUSG00000026646	Suv39h2	Suv39h2
ENSG00000136527	TRA2B	ENSMUSG00000022858	Tra2b	Tra2b
ENSG00000186185	KIF18B	ENSMUSG00000051378	Kif18b	Kif18b
ENSG00000196230	TUBB	ENSMUSG00000001525	Tubb5	Tubb5
ENSG00000135316	SYNCRIP	ENSMUSG00000032423	Syncrip	Syncrip
ENSG00000104064	GABPB1	ENSMUSG00000027361	Gabpb1	Gabpb1
ENSG00000138780	GSTCD	ENSMUSG00000028018	Gstcd	Gstcd
ENSG00000025770	NCAPH2	ENSMUSG00000008690	Ncaph2	Ncaph2
ENSG00000091436	pk	ENSMUSG00000004085	Map3k20	Map3k20
ENSG00000167088	SNRPD1	ENSMUSG00000002477	Snrpd1	Snrpd1
ENSG00000090447	TFAP4	ENSMUSG00000005718	Tfap4	Tfap4
ENSG00000177084	POLE	ENSMUSG00000007080	Pole	Pole
ENSG00000162062	C16orf59	ENSMUSG00000024118	Tedc2	Tedc2
ENSG00000101945	SUV39H1	ENSMUSG00000039231	Suv39h1	Suv39h1
ENSG00000198176	TFDP1	ENSMUSG00000038482	Tfdp1	Tfdp1
ENSG00000155189	AGPAT5	ENSMUSG00000031467	Agpat5	Agpat5
ENSG00000094916	CBX5	ENSMUSG00000009575	Cbx5	Cbx5
ENSG00000132661	NXT1	ENSMUSG00000036992	Nxt1	Nxt1
ENSG00000166788	SAAL1	ENSMUSG00000006763	Saal1	Saal1
ENSG00000072501	SMC1A	ENSMUSG00000041133	Smc1a	Smc1a
ENSG00000110713	NUP98	ENSMUSG00000063550	Nup98	Nup98
ENSG00000101639	CEP192	ENSMUSG00000024542	Cep192	Cep192
ENSG00000185104	FAF1	ENSMUSG00000010517	Faf1	Faf1
ENSG00000213024	NUP62	ENSMUSG00000109511	Nup62	Nup62
ENSG00000167081	PBX3	ENSMUSG00000038718	Pbx3	Pbx3
ENSG00000035928	RFC1	ENSMUSG00000029191	Rfc1	Rfc1
ENSG00000153048	CARHSP1	ENSMUSG00000008393	Carhsp1	Carhsp1
ENSG00000150753	CCT5	ENSMUSG00000022234	Cct5	Cct5
ENSG00000183137	CEP57L1	ENSMUSG00000019813	Cep57l1	Cep57l1
ENSG00000217555	CKLF	ENSMUSG00000054400	Cklf	Cklf
ENSG00000092036	HAUS4	ENSMUSG00000022177	Haus4	Haus4
ENSG00000178177	LCORL	ENSMUSG00000015882	Lcorl	Lcorl
ENSG00000135912	TTLL4	ENSMUSG00000033257	Ttll4	Ttll4
ENSG00000198039	ZNF273	ENSMUSG00000058246	Krbox5	Krbox5
ENSG00000171681	ATF7IP	ENSMUSG00000030213	Atf7ip	Atf7ip
ENSG00000118412	CASP8AP2	ENSMUSG00000028282	Casp8ap2	Casp8ap2
ENSG00000160957	RECQL4	ENSMUSG00000033762	Recql4	Recql4
ENSG00000012963	UBR7	ENSMUSG00000041712	Ubr7	Ubr7
ENSG00000104472	CHRAC1	ENSMUSG00000068391	Chrac1	Chrac1
ENSG00000183150	GPR19	ENSMUSG00000032641	Gpr19	Gpr19
ENSG00000152240	HAUS1	ENSMUSG00000041840	Haus1	Haus1
ENSG00000169813	HNRNPF	ENSMUSG00000042079	Hnrnpf	Hnrnpf
ENSG00000125944	HNRNPR	ENSMUSG00000066037	Hnrnpr	Hnrnpr
ENSG00000133739	LRRCC1	ENSMUSG00000027550	Lrrcc1	Lrrcc1
ENSG00000278259	MYO19	ENSMUSG00000020527	Myo19	Myo19
ENSG00000124789	NUP153	ENSMUSG00000021374	Nup153	Nup153
ENSG00000144283	PKP4	ENSMUSG00000026991	Pkp4	Pkp4
ENSG00000136699	SMPD4	ENSMUSG00000005899	Smpd4	Smpd4
ENSG00000198860	TSEN15	ENSMUSG00000014980	Tsen15	Tsen15
ENSG00000029993	HMGB3	ENSMUSG00000015217	Hmgb3	Hmgb3
ENSG00000111554	MDM1	ENSMUSG00000020212	Mdm1	Mdm1
ENSG00000141560	FN3KRP	ENSMUSG00000039253	Fn3krp	Fn3krp
ENSG00000185697	MYBL1	ENSMUSG00000025912	Mybl1	Mybl1
ENSG00000112759	SLC29A1	ENSMUSG00000023942	Slc29a1	Slc29a1
ENSG00000118007	STAG1	ENSMUSG00000037286	Stag1	Stag1
ENSG00000177302	TOP3A	ENSMUSG00000002814	Top3a	Top3a
ENSG00000145996	CDKAL1	ENSMUSG00000006191	Cdkal1	Cdkal1
ENSG00000203760	CENPW	ENSMUSG00000075266	Cenpw	Cenpw
ENSG00000112877	CEP72	ENSMUSG00000021572	Cep72	Cep72
ENSG00000123136	DDX39A	ENSMUSG00000005481	Ddx39a	Ddx39a
ENSG00000109606	DHX15	ENSMUSG00000029169	Dhx15	Dhx15
ENSG00000182263	FIGN	ENSMUSG00000075324	Fign	Fign
ENSG00000143321	HDGF	ENSMUSG00000004897	Hdgf	Hdgf
ENSG00000153187	HNRNPU	ENSMUSG00000039630	Hnrnpu	Hnrnpu
ENSG00000011304	PTBP1	ENSMUSG00000006498	Ptbp1	Ptbp1
ENSG00000130204	TOMM40	ENSMUSG00000002984	Tomm40	Tomm40
ENSG00000160352	ZNF714			
ENSG00000029363	BCLAF1	ENSMUSG00000037608	Bclaf1	Bclaf1
ENSG00000276966	HIST1H4E			
ENSG00000115966	ATF2	ENSMUSG00000027104	Atf2	Atf2
ENSG00000144320	KIAA1715	ENSMUSG00000009207	Lnpk	Lnpk
ENSG00000006576	PHTF2	ENSMUSG00000039987	Phtf2	Phtf2
ENSG00000090861	AARS	ENSMUSG00000031960	Aars1	Aars1
ENSG00000197785	ATAD3A	ENSMUSG00000029036	Atad3a	Atad3a
ENSG00000182944	EWSR1	ENSMUSG00000009079	Ewsr1	Ewsr1
ENSG00000167491	GATAD2A	ENSMUSG00000036180	Gatad2a	Gatad2a
ENSG00000100281	HMGXB4	ENSMUSG00000034518	Hmgxb4	Hmgxb4
ENSG00000153936	HS2ST1	ENSMUSG00000040151	Hs2st1	Hs2st1
ENSG00000086200	IPO11	ENSMUSG00000042590	Ipo11	Ipo11
ENSG00000169683	LRRC45	ENSMUSG00000025145	Lrrc45	Lrrc45
ENSG00000277161	PIGW	ENSMUSG00000045140	Pigw	Pigw
ENSG00000221823	PPP3R1	ENSMUSG00000033953	Ppp3r1	Ppp3r1
ENSG00000164306	PRIMPOL	ENSMUSG00000038225	Primpol	Primpol
ENSG00000136104	RNASEH2B	ENSMUSG00000021932	Rnaseh2b	Rnaseh2b
ENSG00000155380	SLC16A1	ENSMUSG00000032902	Slc16a1	Slc16a1
ENSG00000188529	SRSF10	ENSMUSG00000028676	Srsf10	Srsf10
ENSG00000197020	ZNF100	ENSMUSG00000058246	Krbox5	Krbox5
ENSG00000105325	FZR1	ENSMUSG00000020235	Fzr1	Fzr1
ENSG00000164105	SAP30	ENSMUSG00000031609	Sap30	Sap30
ENSG00000184270	HIST2H2AB	ENSMUSG00000063689	H2ac21	H2ac21
ENSG00000171456	ASXL1	ENSMUSG00000042548	Asxl1	Asxl1
ENSG00000175455	CCDC14	ENSMUSG00000022833	Ccdc14	Ccdc14
ENSG00000102974	CTCF	ENSMUSG00000005698	Ctcf	Ctcf
ENSG00000157540	DYRK1A	ENSMUSG00000022897	Dyrk1a	Dyrk1a
ENSG00000151876	FBXO4	ENSMUSG00000022184	Fbxo4	Fbxo4
ENSG00000184357	HIST1H1B	ENSMUSG00000058773	H1f5	H1f5
ENSG00000276180	HIST1H4I			
ENSG00000161048	NAPEPLD	ENSMUSG00000044968	Napepld	Napepld
ENSG00000124160	NCOA5	ENSMUSG00000039804	Ncoa5	Ncoa5
ENSG00000184990	SIVA1	ENSMUSG00000064326	Siva1	Siva1
ENSG00000105849	TWISTNB	ENSMUSG00000020561	Polr1f	Polr1f
ENSG00000173041	ZNF680	ENSMUSG00000058246	Krbox5	Krbox5
ENSG00000141480	ARRB2	ENSMUSG00000060216	Arrb2	Arrb2
ENSG00000155096	AZIN1	ENSMUSG00000037458	Azin1	Azin1
ENSG00000130921	C12orf65	ENSMUSG00000047635	Mtrfr	Mtrfr
ENSG00000111530	CAND1	ENSMUSG00000020114	Cand1	Cand1
ENSG00000127586	CHTF18	ENSMUSG00000019214	Chtf18	Chtf18
ENSG00000181192	DHTKD1	ENSMUSG00000025815	Dhtkd1	Dhtkd1
ENSG00000170291	ELP5	ENSMUSG00000018565	Elp5	Elp5
ENSG00000106105	GARS	ENSMUSG00000029777	Gars1	Gars1
ENSG00000160818	GPATCH4	ENSMUSG00000028069	Gpatch4	Gpatch4
ENSG00000213397	HAUS7	ENSMUSG00000031371	Haus7	Haus7
ENSG00000198830	HMGN2			
ENSG00000115541	HSPE1			
ENSG00000214706	IFRD2	ENSMUSG00000010048	Ifrd2	Ifrd2
ENSG00000154146	NRGN	ENSMUSG00000053310	Nrgn	Nrgn
ENSG00000163939	PBRM1	ENSMUSG00000042323	Pbrm1	Pbrm1
ENSG00000137492	PRKRIR	ENSMUSG00000030753	Thap12	Thap12
ENSG00000167461	RAB8A	ENSMUSG00000003037	Rab8a	Rab8a
ENSG00000173473	SMARCC1	ENSMUSG00000032481	Smarcc1	Smarcc1
ENSG00000169689	STRA13			
ENSG00000187735	TCEA1	ENSMUSG00000033813	Tcea1	Tcea1
ENSG00000160949	TONSL	ENSMUSG00000059323	Tonsl	Tonsl
ENSG00000143337	TOR1AIP1	ENSMUSG00000026466	Tor1aip1	Tor1aip1
ENSG00000126215	XRCC3	ENSMUSG00000021287	Xrcc3	Xrcc3
ENSG00000196247	ZNF107			
ENSG00000146757	ZNF92	ENSMUSG00000058246	Krbox5	Krbox5
ENSG00000165724	ZMYND19	ENSMUSG00000026974	Zmynd19	Zmynd19
ENSG00000205937	RNPS1	ENSMUSG00000034681	Rnps1	Rnps1
ENSG00000181904	C5orf24	ENSMUSG00000045767	B230219D22Rik	B230219D22Rik
ENSG00000278588	HIST1H2BI	ENSMUSG00000018102	H2bc4	H2bc4
ENSG00000096746	HNRNPH3	ENSMUSG00000020069	Hnrnph3	Hnrnph3
ENSG00000144381	HSPD1	ENSMUSG00000025980	Hspd1	Hspd1
ENSG00000121774	KHDRBS1	ENSMUSG00000028790	Khdrbs1	Khdrbs1
ENSG00000132466	ANKRD17	ENSMUSG00000055204	Ankrd17	Ankrd17
ENSG00000112578	BYSL	ENSMUSG00000023988	Bysl	Bysl
ENSG00000203667	COX20	ENSMUSG00000026500	Cox20	Cox20
ENSG00000153015	CWC27	ENSMUSG00000021715	Cwc27	Cwc27
ENSG00000001630	CYP51A1	ENSMUSG00000001467	Cyp51	Cyp51
ENSG00000105516	DBP	ENSMUSG00000059824	Dbp	Dbp
ENSG00000107371	EXOSC3	ENSMUSG00000028322	Exosc3	Exosc3
ENSG00000119906	FAM178A	ENSMUSG00000036097	Slf2	Slf2
ENSG00000180998	GPR137C	ENSMUSG00000049092	Gpr137c	Gpr137c
ENSG00000103550	KNOP1	ENSMUSG00000030980	Knop1	Knop1
ENSG00000001497	LAS1L	ENSMUSG00000057421	Las1l	Las1l
ENSG00000130520	LSM4	ENSMUSG00000031848	Lsm4	Lsm4
ENSG00000138750	NUP54	ENSMUSG00000034826	Nup54	Nup54
ENSG00000139496	NUPL1	ENSMUSG00000114797	Gm49336	Gm49336
ENSG00000104524	PYCRL	ENSMUSG00000022571	Pycr3	Pycr3
ENSG00000114767	RRP9	ENSMUSG00000041506	Rrp9	Rrp9
ENSG00000198887	SMC5	ENSMUSG00000024943	Smc5	Smc5
ENSG00000161981	SNRNP25	ENSMUSG00000040767	Snrnp25	Snrnp25
ENSG00000133226	SRRM1	ENSMUSG00000028809	Srrm1	Srrm1
ENSG00000125482	TTF1	ENSMUSG00000026803	Ttf1	Ttf1
ENSG00000227057	WDR46	ENSMUSG00000024312	Wdr46	Wdr46
ENSG00000165392	WRN	ENSMUSG00000031583	Wrn	Wrn
ENSG00000185947	ZNF267			
ENSG00000081019	RSBN1	ENSMUSG00000044098	Rsbn1	Rsbn1
ENSG00000165494	PCF11	ENSMUSG00000041328	Pcf11	Pcf11
ENSG00000187837	HIST1H1C	ENSMUSG00000036181	H1f2	H1f2
ENSG00000158406	HIST1H4H	ENSMUSG00000091405	H4c14	H4c14
ENSG00000186625	KATNA1	ENSMUSG00000019794	Katna1	Katna1
ENSG00000168906	MAT2A	ENSMUSG00000053907	Mat2a	Mat2a
ENSG00000153574	RPIA	ENSMUSG00000053604	Rpia	Rpia
ENSG00000167565	SERTAD3	ENSMUSG00000055200	Sertad3	Sertad3
ENSG00000145687	SSBP2	ENSMUSG00000003992	Ssbp2	Ssbp2
ENSG00000105576	TNPO2	ENSMUSG00000031691	Tnpo2	Tnpo2
ENSG00000109971	HSPA8			
ENSG00000130522	JUND	ENSMUSG00000071076	Jund	Jund
ENSG00000114120	SLC25A36	ENSMUSG00000032449	Slc25a36	Slc25a36
ENSG00000183864	TOB2	ENSMUSG00000048546	Tob2	Tob2
ENSG00000172466	ZNF24	ENSMUSG00000051469	Zfp24	Zfp24
ENSG00000189266	PNRC2	ENSMUSG00000028675	Pnrc2	Pnrc2
ENSG00000129657	SEC14L1	ENSMUSG00000020823	Sec14l1	Sec14l1
ENSG00000141380	SS18	ENSMUSG00000037013	Ss18	Ss18
ENSG00000100784	RPS6KA5	ENSMUSG00000021180	Rps6ka5	Rps6ka5
ENSG00000145390	USP53	ENSMUSG00000039701	Usp53	Usp53
ENSG00000163683	SMIM14	ENSMUSG00000037822	Smim14	Smim14
ENSG00000115415	STAT1	ENSMUSG00000026104	Stat1	Stat1
ENSG00000133639	BTG1	ENSMUSG00000036478	Btg1	Btg1
ENSG00000109685	WHSC1	ENSMUSG00000057406	Nsd2	Nsd2
ENSG00000134222	PSRC1	ENSMUSG00000068744	Psrc1	Psrc1
ENSG00000128944	KNSTRN	ENSMUSG00000027331	Knstrn	Knstrn
ENSG00000198056	PRIM1	ENSMUSG00000025395	Prim1	Prim1
ENSG00000164649	CDCA7L	ENSMUSG00000021175	Cdca7l	Cdca7l
ENSG00000187741	FANCA	ENSMUSG00000032815	Fanca	Fanca
ENSG00000112039	FANCE	ENSMUSG00000007570	Fance	Fance
ENSG00000198331	HYLS1	ENSMUSG00000050555	Hyls1	Hyls1
ENSG00000128050	PAICS	ENSMUSG00000029247	Paics	Paics
ENSG00000092964	DPYSL2	ENSMUSG00000022048	Dpysl2	Dpysl2
ENSG00000130713	EXOSC2	ENSMUSG00000039356	Exosc2	Exosc2
ENSG00000138668	HNRNPD	ENSMUSG00000000568	Hnrnpd	Hnrnpd
ENSG00000164985	PSIP1	ENSMUSG00000028484	Psip1	Psip1
ENSG00000123080	CDKN2C	ENSMUSG00000028551	Cdkn2c	Cdkn2c
ENSG00000154429	CCSAP	ENSMUSG00000031971	Ccsap	Ccsap
ENSG00000198055	GRK6	ENSMUSG00000074886	Grk6	Grk6
ENSG00000213160	KLHL23	ENSMUSG00000042155	Klhl23	Klhl23
ENSG00000128973	CLN6	ENSMUSG00000032245	Cln6	Cln6
ENSG00000096060	FKBP5	ENSMUSG00000024222	Fkbp5	Fkbp5
ENSG00000137814	HAUS2	ENSMUSG00000027285	Haus2	Haus2
ENSG00000083642	PDS5B	ENSMUSG00000034021	Pds5b	Pds5b
ENSG00000128059	PPAT	ENSMUSG00000029246	Ppat	Ppat
ENSG00000136875	PRPF4	ENSMUSG00000066148	Prpf4	Prpf4
ENSG00000152795	HNRNPDL	ENSMUSG00000029328	Hnrnpdl	Hnrnpdl
ENSG00000173145	NOC3L	ENSMUSG00000024999	Noc3l	Noc3l
ENSG00000068028	RASSF1	ENSMUSG00000010067	Rassf1	Rassf1
ENSG00000167553	TUBA1C	ENSMUSG00000043091	Tuba1c	Tuba1c
ENSG00000108423	TUBD1	ENSMUSG00000020513	Tubd1	Tubd1
ENSG00000135446	CDK4	ENSMUSG00000006728	Cdk4	Cdk4
ENSG00000115504	EHBP1	ENSMUSG00000042302	Ehbp1	Ehbp1
ENSG00000179820	MYADM	ENSMUSG00000068566	Myadm	Myadm
ENSG00000153107	ANAPC1	ENSMUSG00000014355	Anapc1	Anapc1
ENSG00000132017	DCAF15	ENSMUSG00000037103	Dcaf15	Dcaf15
ENSG00000129351	ILF3	ENSMUSG00000032178	Ilf3	Ilf3
ENSG00000103495	MAZ	ENSMUSG00000030678	Maz	Maz
ENSG00000107672	NSMCE4A	ENSMUSG00000040331	Nsmce4a	Nsmce4a
ENSG00000184207	PGP	ENSMUSG00000043445	Pgp	Pgp
ENSG00000079387	SENP1	ENSMUSG00000033075	Senp1	Senp1
ENSG00000169375	SIN3A	ENSMUSG00000042557	Sin3a	Sin3a
ENSG00000168883	USP39	ENSMUSG00000056305	Usp39	Usp39
ENSG00000160193	WDR4	ENSMUSG00000024037	Wdr4	Wdr4
ENSG00000166986	MARS	ENSMUSG00000040354	Mars1	Mars1
ENSG00000134138	MEIS2	ENSMUSG00000027210	Meis2	Meis2
ENSG00000105281	SLC1A5	ENSMUSG00000001918	Slc1a5	Slc1a5
ENSG00000182504	CEP97	ENSMUSG00000022604	Cep97	Cep97
ENSG00000147155	EBP	ENSMUSG00000031168	Ebp	Ebp
ENSG00000173226	IQCB1	ENSMUSG00000022837	Iqcb1	Iqcb1
ENSG00000154814	OXNAD1	ENSMUSG00000021906	Oxnad1	Oxnad1
ENSG00000182185	RAD51B	ENSMUSG00000059060	Rad51b	Rad51b
ENSG00000123352	SPATS2	ENSMUSG00000051934	Spats2	Spats2
ENSG00000110108	TMEM109	ENSMUSG00000034659	Tmem109	Tmem109
ENSG00000197472	ZNF695	ENSMUSG00000055341	Zfp457	Zfp457
ENSG00000197472	ZNF695	ENSMUSG00000098905	Zfp953	Zfp953
ENSG00000197472	ZNF695	ENSMUSG00000057842	Zfp595	Zfp595
ENSG00000197472	ZNF695	ENSMUSG00000048280	Zfp738	Zfp738
ENSG00000140743	CDR2	ENSMUSG00000030878	Cdr2	Cdr2
ENSG00000108256	NUFIP2	ENSMUSG00000037857	Nufip2	Nufip2
ENSG00000102977	ACD	ENSMUSG00000038000	Acd	Acd
ENSG00000107581	EIF3A	ENSMUSG00000024991	Eif3a	Eif3a
ENSG00000172432	GTPBP2	ENSMUSG00000023952	Gtpbp2	Gtpbp2
ENSG00000278463	HIST1H2AB	ENSMUSG00000069270	H2ac6	H2ac6
ENSG00000278463	HIST1H2AB	ENSMUSG00000071478	H2ac7	H2ac7
ENSG00000278463	HIST1H2AB	ENSMUSG00000094248	H2ac23	H2ac23
ENSG00000197153	HIST1H3J			
ENSG00000275126	HIST1H4L			
ENSG00000182199	SHMT2	ENSMUSG00000025403	Shmt2	Shmt2
ENSG00000119953	SMNDC1	ENSMUSG00000025024	Smndc1	Smndc1
ENSG00000054118	THRAP3	ENSMUSG00000043962	Thrap3	Thrap3
ENSG00000074582	BCS1L	ENSMUSG00000026172	Bcs1l	Bcs1l
ENSG00000130695	CEP85	ENSMUSG00000037443	Cep85	Cep85
ENSG00000077348	EXOSC5	ENSMUSG00000061286	Exosc5	Exosc5
ENSG00000197601	FAR1	ENSMUSG00000030759	Far1	Far1
ENSG00000113013	HSPA9	ENSMUSG00000024359	Hspa9	Hspa9
ENSG00000081870	HSPB11	ENSMUSG00000063172	Ift25	Ift25
ENSG00000138030	KHK	ENSMUSG00000029162	Khk	Khk
ENSG00000079462	PAFAH1B3	ENSMUSG00000005447	Pafah1b3	Pafah1b3
ENSG00000106628	POLD2	ENSMUSG00000020471	Pold2	Pold2
ENSG00000110958	PTGES3	ENSMUSG00000071072	Ptges3	Ptges3
ENSG00000179262	RAD23A	ENSMUSG00000003813	Rad23a	Rad23a
ENSG00000115902	SLC1A4	ENSMUSG00000020142	Slc1a4	Slc1a4
ENSG00000151287	TEX30	ENSMUSG00000026049	Tex30	Tex30
ENSG00000121775	TMEM39B	ENSMUSG00000053730	Tmem39b	Tmem39b
ENSG00000105173	CCNE1	ENSMUSG00000002068	Ccne1	Ccne1
ENSG00000130164	LDLR	ENSMUSG00000032193	Ldlr	Ldlr
ENSG00000198081	ZBTB14	ENSMUSG00000049672	Zbtb14	Zbtb14
ENSG00000010244	ZNF207	ENSMUSG00000017421	Zfp207	Zfp207
ENSG00000170037	CNTROB	ENSMUSG00000032782	Cntrob	Cntrob
ENSG00000277157	HIST1H4D	ENSMUSG00000061482	H4c4	H4c4
ENSG00000173588	CEP83	ENSMUSG00000020024	Cep83	Cep83
ENSG00000128191	DGCR8	ENSMUSG00000022718	Dgcr8	Dgcr8
ENSG00000164284	GRPEL2	ENSMUSG00000024580	Grpel2	Grpel2
ENSG00000132356	PRKAA1	ENSMUSG00000050697	Prkaa1	Prkaa1
ENSG00000111371	SLC38A1	ENSMUSG00000023169	Slc38a1	Slc38a1
ENSG00000172716	SLFN11			
ENSG00000149483	TMEM138	ENSMUSG00000024666	Tmem138	Tmem138
ENSG00000112297	AIM1	ENSMUSG00000019866	Crybg1	Crybg1
ENSG00000116127	ALMS1	ENSMUSG00000063810	Alms1	Alms1
ENSG00000084774	CAD	ENSMUSG00000013629	Cad	Cad
ENSG00000169504	CLIC4	ENSMUSG00000037242	Clic4	Clic4
ENSG00000126749	EMG1	ENSMUSG00000004268	Emg1	Emg1
ENSG00000152749	GPR180	ENSMUSG00000022131	Gpr180	Gpr180
ENSG00000102753	KPNA3	ENSMUSG00000021929	Kpna3	Kpna3
ENSG00000187109	NAP1L1	ENSMUSG00000058799	Nap1l1	Nap1l1
ENSG00000122643	NT5C3A	ENSMUSG00000029780	Nt5c3	Nt5c3
ENSG00000090273	NUDC	ENSMUSG00000028851	Nudc	Nudc
ENSG00000166889	PATL1	ENSMUSG00000046139	Patl1	Patl1
ENSG00000148985	PGAP2	ENSMUSG00000030990	Pgap2	Pgap2
ENSG00000243207	PPAN-P2RY11			
ENSG00000121481	RNF2	ENSMUSG00000026484	Rnf2	Rnf2
ENSG00000163584	RPL22L1	ENSMUSG00000039221	Rpl22l1	Rpl22l1
ENSG00000112081	SRSF3	ENSMUSG00000071172	Srsf3	Srsf3
ENSG00000168439	STIP1	ENSMUSG00000024966	Stip1	Stip1
ENSG00000136270	TBRG4	ENSMUSG00000000384	Tbrg4	Tbrg4
ENSG00000107341	UBE2R2	ENSMUSG00000036241	Ube2r2	Ube2r2
ENSG00000096654	ZNF184			
ENSG00000105750	ZNF85	ENSMUSG00000055341	Zfp457	Zfp457
ENSG00000105750	ZNF85	ENSMUSG00000098905	Zfp953	Zfp953
ENSG00000105750	ZNF85	ENSMUSG00000057842	Zfp595	Zfp595
ENSG00000105750	ZNF85	ENSMUSG00000048280	Zfp738	Zfp738
ENSG00000135541	AHI1	ENSMUSG00000019986	Ahi1	Ahi1
ENSG00000144827	ABHD10	ENSMUSG00000033157	Abhd10	Abhd10
ENSG00000278540	ACACA	ENSMUSG00000020532	Acaca	Acaca
ENSG00000115760	BIRC6	ENSMUSG00000024073	Birc6	Birc6
ENSG00000147654	EBAG9	ENSMUSG00000022339	Ebag9	Ebag9
ENSG00000172534	HCFC1	ENSMUSG00000031386	Hcfc1	Hcfc1
ENSG00000006652	IFRD1	ENSMUSG00000001627	Ifrd1	Ifrd1
ENSG00000204568	MRPS18B	ENSMUSG00000024436	Mrps18b	Mrps18b
ENSG00000165195	PIGA	ENSMUSG00000031381	Piga	Piga
ENSG00000117569	PTBP2	ENSMUSG00000028134	Ptbp2	Ptbp2
ENSG00000119318	RAD23B	ENSMUSG00000028426	Rad23b	Rad23b
ENSG00000008294	SPAG9	ENSMUSG00000020859	Spag9	Spag9
ENSG00000113407	TARS	ENSMUSG00000022241	Tars1	Tars1
ENSG00000197008	ZNF138			
ENSG00000135776	ABCB10	ENSMUSG00000031974	Abcb10	Abcb10
ENSG00000143727	ACP1	ENSMUSG00000044573	Acp1	Acp1
ENSG00000189079	ARID2	ENSMUSG00000033237	Arid2	Arid2
ENSG00000107779	BMPR1A	ENSMUSG00000021796	Bmpr1a	Bmpr1a
ENSG00000118961	C2orf43	ENSMUSG00000037669	Ldah	Ldah
ENSG00000181751	C5orf30	ENSMUSG00000044768	Macir	Macir
ENSG00000141076	CIRH1A	ENSMUSG00000041438	Utp4	Utp4
ENSG00000110063	DCPS	ENSMUSG00000032040	Dcps	Dcps
ENSG00000145833	DDX46	ENSMUSG00000021500	Ddx46	Ddx46
ENSG00000157538	DSCR3	ENSMUSG00000022898	Vps26c	Vps26c
ENSG00000106263	EIF3B	ENSMUSG00000056076	Eif3b	Eif3b
ENSG00000131558	EXOC4	ENSMUSG00000029763	Exoc4	Exoc4
ENSG00000079150	FKBP7	ENSMUSG00000002732	Fkbp7	Fkbp7
ENSG00000133393	FOPNL	ENSMUSG00000022677	Cep20	Cep20
ENSG00000145907	G3BP1	ENSMUSG00000018583	G3bp1	G3bp1
ENSG00000152133	GPATCH11	ENSMUSG00000050668	Gpatch11	Gpatch11
ENSG00000206527	HACD2	ENSMUSG00000035376	Hacd2	Hacd2
ENSG00000138796	HADH	ENSMUSG00000027984	Hadh	Hadh
ENSG00000124575	HIST1H1D	ENSMUSG00000052565	H1f3	H1f3
ENSG00000274290	HIST1H2BE	ENSMUSG00000018102	H2bc4	H2bc4
ENSG00000203852	HIST2H3A	ENSMUSG00000069267	H3c2	H3c2
ENSG00000183598	HIST2H3D	ENSMUSG00000069267	H3c2	H3c2
ENSG00000080824	HSP90AA1	ENSMUSG00000021270	Hsp90aa1	Hsp90aa1
ENSG00000004487	KDM1A	ENSMUSG00000036940	Kdm1a	Kdm1a
ENSG00000104731	KLHDC4	ENSMUSG00000040263	Klhdc4	Klhdc4
ENSG00000121897	LIAS	ENSMUSG00000029199	Lias	Lias
ENSG00000127804	METTL16	ENSMUSG00000010554	Mettl16	Mettl16
ENSG00000114686	MRPL3	ENSMUSG00000032563	Mrpl3	Mrpl3
ENSG00000186575	NF2	ENSMUSG00000009073	Nf2	Nf2
ENSG00000188313	PLSCR1	ENSMUSG00000032369	Plscr1	Plscr1
ENSG00000188313	PLSCR1	ENSMUSG00000032372	Plscr2	Plscr2
ENSG00000188313	PLSCR1	ENSMUSG00000074139	Plscr1l1	Plscr1l1
ENSG00000160783	PMF1	ENSMUSG00000028066	Pmf1	Pmf1
ENSG00000163933	RFT1	ENSMUSG00000052395	Rft1	Rft1
ENSG00000155906	RMND1	ENSMUSG00000019763	Rmnd1	Rmnd1
ENSG00000153147	SMARCA5	ENSMUSG00000031715	Smarca5	Smarca5
ENSG00000168778	TCTN2	ENSMUSG00000118662	Tctn2	Tctn2
ENSG00000159445	THEM4	ENSMUSG00000028145	Them4	Them4
ENSG00000079134	THOC1	ENSMUSG00000024287	Thoc1	Thoc1
ENSG00000139921	TMX1	ENSMUSG00000021072	Tmx1	Tmx1
ENSG00000064419	TNPO3	ENSMUSG00000012535	Tnpo3	Tnpo3
ENSG00000131462	TUBG1	ENSMUSG00000035198	Tubg1	Tubg1
ENSG00000117862	TXNDC12	ENSMUSG00000028567	Txndc12	Txndc12
ENSG00000164338	UTP15	ENSMUSG00000041747	Utp15	Utp15
ENSG00000145041	VPRBP	ENSMUSG00000040325	Dcaf1	Dcaf1
ENSG00000196081	ZNF724P	ENSMUSG00000055341	Zfp457	Zfp457
ENSG00000196081	ZNF724P	ENSMUSG00000098905	Zfp953	Zfp953
ENSG00000196081	ZNF724P	ENSMUSG00000057842	Zfp595	Zfp595
ENSG00000196081	ZNF724P	ENSMUSG00000048280	Zfp738	Zfp738
ENSG00000244405	ETV5	ENSMUSG00000013089	Etv5	Etv5
ENSG00000160199	PKNOX1	ENSMUSG00000006705	Pknox1	Pknox1
ENSG00000134250	NOTCH2	ENSMUSG00000027878	Notch2	Notch2
ENSG00000151247	EIF4E	ENSMUSG00000028156	Eif4e	Eif4e
ENSG00000109920	FNBP4	ENSMUSG00000008200	Fnbp4	Fnbp4
ENSG00000100941	PNN	ENSMUSG00000020994	Pnn	Pnn
ENSG00000164190	NIPBL	ENSMUSG00000022141	Nipbl	Nipbl
ENSG00000006125	AP2B1	ENSMUSG00000035152	Ap2b1	Ap2b1
ENSG00000137936	BCAR3	ENSMUSG00000028121	Bcar3	Bcar3
ENSG00000168806	LCMT2	ENSMUSG00000074890	Lcmt2	Lcmt2
ENSG00000096093	EFHC1	ENSMUSG00000041809	Efhc1	Efhc1
ENSG00000145088	EAF2	ENSMUSG00000022838	Eaf2	Eaf2
ENSG00000108306	FBXL20	ENSMUSG00000020883	Fbxl20	Fbxl20
ENSG00000181274	FRAT2	ENSMUSG00000047604	Frat2	Frat2
ENSG00000142166	IFNAR1	ENSMUSG00000022967	Ifnar1	Ifnar1
ENSG00000185946	RNPC3	ENSMUSG00000027981	Rnpc3	Rnpc3
ENSG00000177853	ZNF518A	ENSMUSG00000049164	Zfp518a	Zfp518a
ENSG00000113369	ARRDC3	ENSMUSG00000074794	Arrdc3	Arrdc3
ENSG00000204569	PPP1R10	ENSMUSG00000039220	Ppp1r10	Ppp1r10
ENSG00000107758	PPP3CB	ENSMUSG00000021816	Ppp3cb	Ppp3cb
ENSG00000198466	ZNF587			
ENSG00000179604	CDC42EP4	ENSMUSG00000041598	Cdc42ep4	Cdc42ep4
ENSG00000115267	IFIH1	ENSMUSG00000026896	Ifih1	Ifih1
ENSG00000003402	CFLAR	ENSMUSG00000026031	Cflar	Cflar
ENSG00000141682	PMAIP1	ENSMUSG00000024521	Pmaip1	Pmaip1
ENSG00000116717	GADD45A	ENSMUSG00000036390	Gadd45a	Gadd45a
ENSG00000164331	ANKRA2	ENSMUSG00000021661	Ankra2	Ankra2
ENSG00000164938	TP53INP1	ENSMUSG00000028211	Trp53inp1	Trp53inp1
ENSG00000106462	EZH2	ENSMUSG00000029687	Ezh2	Ezh2
ENSG00000081320	STK17B	ENSMUSG00000026094	Stk17b	Stk17b
ENSG00000215784	FAM72D	ENSMUSG00000055184	Fam72a	Fam72a
