gene,region,color
Serpinb9b,001,#4c72b0
Midn,001,#4c72b0
Galnt18,010,#55a868
Mt1,110,#c5ac82
S100a7a,101,#be86b5
Gas2l3,111,#8f9091
Zfp830,010,#55a868
Hist1h1d,111,#8f9091
Vbp1,010,#55a868
Myo3a,001,#4c72b0
Cep95,010,#55a868
Ect2,111,#8f9091
Phgdh,111,#8f9091
Gas1,111,#8f9091
Mdm2,010,#55a868
Smc4,111,#8f9091
Pfn1,111,#8f9091
Csrp1,001,#4c72b0
Fgfr1,111,#8f9091
Gm20033,001,#4c72b0
Gm20560,001,#4c72b0
Rbp1,001,#4c72b0
Anp32b,010,#55a868
Pdzrn3,011,#71c5c4
Extl3,001,#4c72b0
Enox2,010,#55a868
Erdr1,101,#be86b5
Gm20472,010,#55a868
Tagln,111,#8f9091
Sgo2a,111,#8f9091
Rfc3,110,#c5ac82
Palld,111,#8f9091
Sorbs1,111,#8f9091
Raet1e,010,#55a868
Hist2h2ac,111,#8f9091
Lrrc17,001,#4c72b0
Plk2,100,#c44e52
Cenpf,111,#8f9091
Hist1h3b,110,#c5ac82
Gm12648,010,#55a868
4930558J22Rik,010,#55a868
Csf1,110,#c5ac82
Gdf11,111,#8f9091
2310039L15Rik,010,#55a868
Rrm2,111,#8f9091
Gm11867,001,#4c72b0
Tmem47,110,#c5ac82
Acta2,111,#8f9091
H3f3b,111,#8f9091
Alcam,011,#71c5c4
Gm45184,001,#4c72b0
Actb,001,#4c72b0
Maff,001,#4c72b0
Cetn4,100,#c44e52
Birc5,111,#8f9091
Tas1r1,010,#55a868
Capg,001,#4c72b0
Nemp2,010,#55a868
Dbr1,111,#8f9091
Hirip3,111,#8f9091
Edil3,001,#4c72b0
Naaladl2,010,#55a868
Gm10184,010,#55a868
Ccng1,011,#71c5c4
Hist1h2ak,111,#8f9091
Pcna-ps2,111,#8f9091
Uckl1,100,#c44e52
Mad1l1,011,#71c5c4
Lyz2,001,#4c72b0
Vgll3,101,#be86b5
Timp3,111,#8f9091
Cenps,010,#55a868
Gadd45gip1,100,#c44e52
Hist1h2af,111,#8f9091
Magi2,011,#71c5c4
Gm42826,011,#71c5c4
Prc1,111,#8f9091
Col13a1,001,#4c72b0
Trmt5,100,#c44e52
Ltbp4,010,#55a868
Rpsa-ps4,001,#4c72b0
Myl9,001,#4c72b0
mt-Rnr2,111,#8f9091
Plk1,111,#8f9091
Tmem37,001,#4c72b0
Gm13196,001,#4c72b0
Lgals3,001,#4c72b0
Mettl15,011,#71c5c4
S100a11,101,#be86b5
Gm26668,010,#55a868
Diaph3,111,#8f9091
Kcnip4,111,#8f9091
Dlgap1,010,#55a868
Pcdh7,111,#8f9091
Tnnt2,011,#71c5c4
BC065403,001,#4c72b0
Ppef1,010,#55a868
D5Ertd579e,001,#4c72b0
Hist1h2ae,111,#8f9091
Ccnb1,111,#8f9091
Gabarapl1,001,#4c72b0
Rab13,100,#c44e52
Gm26917,111,#8f9091
Cct8,101,#be86b5
Tpx2,110,#c5ac82
Gas7,111,#8f9091
Tpi1,001,#4c72b0
Pdlim1,001,#4c72b0
Sec13,101,#be86b5
Ckap2l,111,#8f9091
Sgo1,111,#8f9091
Cxcl5,111,#8f9091
Rgs12,001,#4c72b0
Eid2,010,#55a868
Upf3b,010,#55a868
Cxcl1,010,#55a868
Mmachc,001,#4c72b0
Gm38037,010,#55a868
Hist2h2ab,010,#55a868
Pttg1,010,#55a868
Clip3,010,#55a868
Anxa2,001,#4c72b0
P2rx7,001,#4c72b0
Timp1,111,#8f9091
Gm26804,001,#4c72b0
Kif11,111,#8f9091
Hist1h1e,111,#8f9091
Btg2,110,#c5ac82
Gm14399,010,#55a868
Kif20a,010,#55a868
Anxa3,101,#be86b5
Cenpa,110,#c5ac82
Gm7967,011,#71c5c4
Negr1,011,#71c5c4
Xrcc2,010,#55a868
Gm26861,001,#4c72b0
Cnn2,001,#4c72b0
Cd63,111,#8f9091
Gm28187,001,#4c72b0
Mxd4,111,#8f9091
Adamts5,111,#8f9091
Zfpm2,011,#71c5c4
Svep1,010,#55a868
Ptgr1,001,#4c72b0
Nxt1,111,#8f9091
Adgrl2,011,#71c5c4
Ndufa9,101,#be86b5
D6Wsu163e,001,#4c72b0
Gm19324,010,#55a868
Npas3,011,#71c5c4
Map1a,111,#8f9091
Blm,111,#8f9091
Cdkn1a,110,#c5ac82
Pde10a,010,#55a868
Filip1l,111,#8f9091
Sox4,111,#8f9091
1600019K03Rik,111,#8f9091
Ttll11,100,#c44e52
Gstm1,011,#71c5c4
Top2a,111,#8f9091
Arhgap24,111,#8f9091
Fkbp11,111,#8f9091
Cpa6,010,#55a868
Atg10,010,#55a868
Sema3c,111,#8f9091
Gm28153,010,#55a868
Trp53inp1,001,#4c72b0
Eif2b3,101,#be86b5
Zfas1,110,#c5ac82
Prdx1,111,#8f9091
Ly6a,100,#c44e52
Itga3,010,#55a868
Prkca,111,#8f9091
Fgd3,001,#4c72b0
Tubgcp6,011,#71c5c4
Gm17501,111,#8f9091
Pgp,111,#8f9091
2310002F09Rik,010,#55a868
Cgnl1,001,#4c72b0
Dock3,010,#55a868
Itgbl1,011,#71c5c4
Gm6563,001,#4c72b0
Sema3a,011,#71c5c4
Gm24949,010,#55a868
Cryab,111,#8f9091
Kansl1l,010,#55a868
Gsta4,101,#be86b5
Coa4,010,#55a868
Gm11884,011,#71c5c4
Hmmr,111,#8f9091
Lncenc1,010,#55a868
Ak1,001,#4c72b0
Hist1h2ag,010,#55a868
Terb1,001,#4c72b0
Mrpl55,101,#be86b5
Dnajb4,011,#71c5c4
Actr3b,010,#55a868
Ctgf,101,#be86b5
Irak1bp1,011,#71c5c4
Pcdh9,110,#c5ac82
Thbs1,111,#8f9091
mt-Nd6,001,#4c72b0
Hist1h2ac,111,#8f9091
Egr1,001,#4c72b0
Hist1h2ai,111,#8f9091
Shcbp1,111,#8f9091
Brinp1,011,#71c5c4
Sned1,011,#71c5c4
Spata7,011,#71c5c4
Anln,111,#8f9091
Wnt5b,010,#55a868
Ranbp3l,011,#71c5c4
Kpna2,111,#8f9091
Hspa5,111,#8f9091
Snapc5,001,#4c72b0
Ccl2,010,#55a868
Ube2c,111,#8f9091
Rad51ap1,111,#8f9091
Eif4a3,111,#8f9091
Slit2,011,#71c5c4
Sapcd2,010,#55a868
Gm26531,010,#55a868
Ampd2,010,#55a868
Hist1h2bf,010,#55a868
Usp14,010,#55a868
Ankrd33b,100,#c44e52
4930556J24Rik,010,#55a868
Gm9245,010,#55a868
Fgd4,111,#8f9091
Hist1h3c,111,#8f9091
Pop4,010,#55a868
Sh3bp1,010,#55a868
Ptgs2,011,#71c5c4
Cdk8,001,#4c72b0
Tmeff2,010,#55a868
Gm10701,101,#be86b5
Snhg20,001,#4c72b0
Hist2h4,010,#55a868
Nr3c2,010,#55a868
Dnajb1,001,#4c72b0
Caprin2,001,#4c72b0
mt-Rnr1,111,#8f9091
Dhx40,011,#71c5c4
Gm26870,111,#8f9091
Medag,011,#71c5c4
Mid1,011,#71c5c4
Il1rl1,111,#8f9091
Kif18a,111,#8f9091
Neat1,011,#71c5c4
Arhgap11a,111,#8f9091
Id3,111,#8f9091
mt-Atp8,011,#71c5c4
Eps8l2,001,#4c72b0
1700061I17Rik,010,#55a868
Rnd3,010,#55a868
Spdl1,111,#8f9091
Fbxl7,011,#71c5c4
Mki67,111,#8f9091
Cited2,011,#71c5c4
Bnc2,011,#71c5c4
Armcx4,100,#c44e52
Med7,101,#be86b5
Kif20b,111,#8f9091
Gm45499,001,#4c72b0
Nppb,111,#8f9091
Nnmt,001,#4c72b0
Fn1,010,#55a868
Gstp1,101,#be86b5
Sap30,011,#71c5c4
Ccsap,010,#55a868
BC055324,110,#c5ac82
Cpne4,011,#71c5c4
Anxa8,001,#4c72b0
Hist1h1b,111,#8f9091
Sdhaf4,010,#55a868
Scd1,111,#8f9091
Ptms,111,#8f9091
Peak1,111,#8f9091
Tfb1m,001,#4c72b0
Gm15564,110,#c5ac82
Col11a1,011,#71c5c4
Catsperd,011,#71c5c4
Cped1,011,#71c5c4
Ercc1,010,#55a868
Mcm2,010,#55a868
Col3a1,010,#55a868
Serpinf1,001,#4c72b0
Rplp0,111,#8f9091
Cep55,111,#8f9091
Ecm1,001,#4c72b0
Prune2,011,#71c5c4
A330015K06Rik,010,#55a868
Cobl,010,#55a868
Cald1,101,#be86b5
Steap1,101,#be86b5
Lxn,010,#55a868
Trp53inp2,101,#be86b5
Hmgcs1,011,#71c5c4
Ckap2,111,#8f9091
Rbbp7,010,#55a868
Ier3,010,#55a868
Mapt,010,#55a868
Ccnf,111,#8f9091
Atad5,111,#8f9091
Ccdc77,011,#71c5c4
Knl1,111,#8f9091
Lox,001,#4c72b0
Slc25a5,011,#71c5c4
Acads,010,#55a868
Nrg1,111,#8f9091
Ngef,010,#55a868
Chac2,010,#55a868
Aspm,110,#c5ac82
Pcdh10,010,#55a868
Cmss1,011,#71c5c4
Sox9,111,#8f9091
Maml3,011,#71c5c4
Ltbp1,010,#55a868
Chac1,010,#55a868
Psmb4,001,#4c72b0
Sox6,011,#71c5c4
Ppargc1b,010,#55a868
Crim1,101,#be86b5
Tpm2,111,#8f9091
Ccl7,010,#55a868
2700099C18Rik,111,#8f9091
Ubc,111,#8f9091
Lrrc51,100,#c44e52
Ccnb2,010,#55a868
Aurka,111,#8f9091
Hist1h3e,010,#55a868
Fgf7,011,#71c5c4
Zdhhc1,001,#4c72b0
Immp2l,111,#8f9091
Sntg1,110,#c5ac82
Ank3,010,#55a868
Gm23935,010,#55a868
Sin3b,001,#4c72b0
Git1,001,#4c72b0
Glp2r,011,#71c5c4
Plpp3,011,#71c5c4
Nusap1,111,#8f9091
Amotl2,111,#8f9091
L3mbtl2,010,#55a868
Rps12-ps10,001,#4c72b0
Cdk4,011,#71c5c4
Hist1h4c,111,#8f9091
Mfap3l,010,#55a868
Grem2,111,#8f9091
Prl2c2,001,#4c72b0
Incenp,111,#8f9091
Hist1h4d,111,#8f9091
n-R5-8s1,101,#be86b5
Fbxo36,001,#4c72b0
Ccne2,111,#8f9091
Tubb4b,111,#8f9091
Arhgap19,010,#55a868
Slc25a1,010,#55a868
Cntnap5a,001,#4c72b0
Ccna2,111,#8f9091
Trps1,111,#8f9091
Mis18bp1,111,#8f9091
Msh5,010,#55a868
Rcor2,011,#71c5c4
Ppp3ca,111,#8f9091
Gprc5b,010,#55a868
Gm19705,010,#55a868
AC159301.1,010,#55a868
Prss23,101,#be86b5
Cyb5r3,111,#8f9091
Col4a6,010,#55a868
Cdkal1,011,#71c5c4
Kctd15,111,#8f9091
Id2,010,#55a868
Myl12a,001,#4c72b0
Anxa5,001,#4c72b0
Cog4,010,#55a868
1700111N16Rik,100,#c44e52
Col4a5,011,#71c5c4
Itm2b,001,#4c72b0
Ebf1,111,#8f9091
Atg4a,001,#4c72b0
Plxna4,011,#71c5c4
Ifitm3,101,#be86b5
Kdm5b,110,#c5ac82
Hist1h2an,111,#8f9091
Opcml,011,#71c5c4
Bgn,001,#4c72b0
Ubb,111,#8f9091
Gm26561,111,#8f9091
F3,110,#c5ac82
M1ap,100,#c44e52
Eno1,001,#4c72b0
Cyp51,010,#55a868
Gm5886,101,#be86b5
Cdca8,111,#8f9091
Cks2,111,#8f9091
Parpbp,111,#8f9091
Cst3,111,#8f9091
Lockd,111,#8f9091
Ndufc2,101,#be86b5
Tm7sf3,011,#71c5c4
Bub1,111,#8f9091
Rora,011,#71c5c4
Hist1h2ab,111,#8f9091
Kcnq1ot1,111,#8f9091
Cavin2,101,#be86b5
Rpa2,010,#55a868
Nup133,010,#55a868
Rhob,001,#4c72b0
Gas5,010,#55a868
Gm28438,011,#71c5c4
Rgs16,010,#55a868
Serpinb8,010,#55a868
Uqcrb,111,#8f9091
Cyr61,111,#8f9091
Gm10801,111,#8f9091
Cdc6,010,#55a868
Tmsb4x,001,#4c72b0
Msmo1,010,#55a868
Fbln5,101,#be86b5
H1f0,111,#8f9091
Tmem43,001,#4c72b0
Sdhb,101,#be86b5
Wtap,111,#8f9091
Snai2,010,#55a868
B4galnt2,010,#55a868
Cenpe,111,#8f9091
Glipr1,001,#4c72b0
Ube2s,011,#71c5c4
Gm43154,001,#4c72b0
Adamts6,010,#55a868
Hmgn5,010,#55a868
Platr25,010,#55a868
Ptrh2,111,#8f9091
Prmt1,111,#8f9091
Anxa1,001,#4c72b0
Cdk1,111,#8f9091
Grik2,011,#71c5c4
Mustn1,101,#be86b5
Itgb3bp,111,#8f9091
Blvrb,011,#71c5c4
Slfn9,111,#8f9091
Rassf3,110,#c5ac82
Mrps34,010,#55a868
Ppbp,001,#4c72b0
Prdx4,111,#8f9091
Spc25,111,#8f9091
Crlf1,010,#55a868
Tspo,010,#55a868
Tenm4,111,#8f9091
Mir6236,001,#4c72b0
2310033P09Rik,001,#4c72b0
Draxin,010,#55a868
Galnt13,010,#55a868
Cdc20,111,#8f9091
Rnh1,001,#4c72b0
Piwil2,010,#55a868
Gm12258,001,#4c72b0
Tuba3a,001,#4c72b0
Thsd7a,010,#55a868
Pcolce,101,#be86b5
Ghr,011,#71c5c4
Pdgfra,010,#55a868
Gm42418,111,#8f9091
Col5a2,111,#8f9091
Mt2,010,#55a868
