cycle_state	GeneSymbol	species
S	Cdc45	mouse
S	Uhrf1	mouse
G2/M	Ube2c	mouse
S	Mcm2	mouse
S	Slbp	mouse
G2/M	Lbr	mouse
S	Mcm5	mouse
G2/M	Ctcf	mouse
G2/M	Cdc20	mouse
S	Pola1	mouse
S	Gmnn	mouse
G2/M	Cbx5	mouse
G2/M	Kif11	mouse
G2/M	Anp32e	mouse
S	Cdc6	mouse
G2/M	Birc5	mouse
G2/M	Cdk1	mouse
G2/M	Tmpo	mouse
G2/M	Hmmr	mouse
S	Rrm2	mouse
G2/M	Jpt1	mouse
G2/M	Pimreg	mouse
G2/M	Aurkb	mouse
G2/M	Top2a	mouse
S	Atad2	mouse
G2/M	Gtse1	mouse
G2/M	Rangap1	mouse
S	Dscc1	mouse
S	Mcm4	mouse
S	Chaf1b	mouse
S	Rfc2	mouse
G2/M	Cdca3	mouse
G2/M	Ndc80	mouse
S	Msh2	mouse
S	Fen1	mouse
G2/M	Kif20b	mouse
S	Hells	mouse
S	Prim1	mouse
S	Tyms	mouse
S	Mcm6	mouse
G2/M	Cenpf	mouse
G2/M	Nek2	mouse
G2/M	Nuf2	mouse
S	Wdr76	mouse
G2/M	Nusap1	mouse
S	Rad51	mouse
S	Pcna	mouse
G2/M	Bub1	mouse
G2/M	Tpx2	mouse
G2/M	Aurka	mouse
G2/M	Ect2	mouse
G2/M	Cks1b	mouse
S	Ccne2	mouse
S	Casp8ap2	mouse
S	Usp1	mouse
G2/M	Kif2c	mouse
S	Nasp	mouse
G2/M	Cdca8	mouse
S	Rpa2	mouse
G2/M	Cenpa	mouse
S	Ung	mouse
S	Rad51ap1	mouse
S	Blm	mouse
S	Pold3	mouse
S	Rrm1	mouse
G2/M	Mki67	mouse
S	Cenpu	mouse
S	Gins2	mouse
G2/M	Ccnb2	mouse
G2/M	Kif23	mouse
S	Tipin	mouse
S	Brip1	mouse
G2/M	Smc4	mouse
G2/M	G2e3	mouse
G2/M	Tubb4b	mouse
G2/M	Anln	mouse
G2/M	Tacc3	mouse
S	Dtl	mouse
G2/M	Dlgap5	mouse
G2/M	Ckap2	mouse
G2/M	Ncapd2	mouse
G2/M	Ttk	mouse
S	Exo1	mouse
G2/M	Ckap5	mouse
S	Ubr7	mouse
S	Clspn	mouse
G2/M	Cdc25c	mouse
G2/M	A730008H23Rik	mouse
G2/M	Cenpe	mouse
S	E2f8	mouse
G2/M	Ckap2l	mouse
G2/M	Cdca2	mouse
G2/M	Hmgb2	mouse
S	Cdca7	mouse
G2/M	Cks2	mouse
G2/M	Psrc1	mouse
G2/M	Gas2l3	mouse
S	MCM5	human
S	PCNA	human
S	TYMS	human
S	FEN1	human
S	MCM2	human
S	MCM4	human
S	RRM1	human
S	UNG	human
S	GINS2	human
S	MCM6	human
S	CDCA7	human
S	DTL	human
S	PRIM1	human
S	UHRF1	human
S	MLF1IP	human
S	HELLS	human
S	RFC2	human
S	RPA2	human
S	NASP	human
S	RAD51AP1	human
S	GMNN	human
S	WDR76	human
S	SLBP	human
S	CCNE2	human
S	UBR7	human
S	POLD3	human
S	MSH2	human
S	ATAD2	human
S	RAD51	human
S	RRM2	human
S	CDC45	human
S	CDC6	human
S	EXO1	human
S	TIPIN	human
S	DSCC1	human
S	BLM	human
S	CASP8AP2	human
S	USP1	human
S	CLSPN	human
S	POLA1	human
S	CHAF1B	human
S	BRIP1	human
S	E2F8	human
G2/M	HMGB2	human
G2/M	CDK1	human
G2/M	NUSAP1	human
G2/M	UBE2C	human
G2/M	BIRC5	human
G2/M	TPX2	human
G2/M	TOP2A	human
G2/M	NDC80	human
G2/M	CKS2	human
G2/M	NUF2	human
G2/M	CKS1B	human
G2/M	MKI67	human
G2/M	TMPO	human
G2/M	CENPF	human
G2/M	TACC3	human
G2/M	FAM64A	human
G2/M	SMC4	human
G2/M	CCNB2	human
G2/M	CKAP2L	human
G2/M	CKAP2	human
G2/M	AURKB	human
G2/M	BUB1	human
G2/M	KIF11	human
G2/M	ANP32E	human
G2/M	TUBB4B	human
G2/M	GTSE1	human
G2/M	KIF20B	human
G2/M	HJURP	human
G2/M	CDCA3	human
G2/M	HN1	human
G2/M	CDC20	human
G2/M	TTK	human
G2/M	CDC25C	human
G2/M	KIF2C	human
G2/M	RANGAP1	human
G2/M	NCAPD2	human
G2/M	DLGAP5	human
G2/M	CDCA2	human
G2/M	CDCA8	human
G2/M	ECT2	human
G2/M	KIF23	human
G2/M	HMMR	human
G2/M	AURKA	human
G2/M	PSRC1	human
G2/M	ANLN	human
G2/M	LBR	human
G2/M	CKAP5	human
G2/M	CENPE	human
G2/M	CTCF	human
G2/M	NEK2	human
G2/M	G2E3	human
G2/M	GAS2L3	human
G2/M	CBX5	human
G2/M	CENPA	human
